timestamp,event_type,packet_id,src,dst,size,flags
1767378223.110529,RECEIVED,32ff81f5-caf1-4fd0-93da-8cdea1de9d72,?,?,1791,
1767378223.2307324,SENT,32ff81f5-caf1-4fd0-93da-8cdea1de9d72,?,?,1271,
1767378223.4645197,RECEIVED,c447432f-83b4-4e70-8548-703055273ec5,?,?,1787,
1767378223.5371363,RECEIVED,43da31da-b874-41e2-9e4a-465eeb47dd8a,?,?,1789,
1767378223.5697992,SENT,43da31da-b874-41e2-9e4a-465eeb47dd8a,?,?,1267,
1767378223.720603,RECEIVED,f24483a6-3bab-474d-b663-4551b90a7c6a,?,?,1260,
1767378223.8187208,SENT,f24483a6-3bab-474d-b663-4551b90a7c6a,?,?,871,
1767378223.8554194,SENT,c447432f-83b4-4e70-8548-703055273ec5,?,?,1268,
1767378224.0372674,RECEIVED,3e3dbf19-2cbd-4fbb-ba89-9f51813e092c,?,?,1787,
1767378224.489984,RECEIVED,6983ba49-fdf3-4158-a684-529b224908f8,?,?,1780,
1767378224.6357322,RECEIVED,afc40baf-df67-487b-b02a-9b49a9de11ae,?,?,1784,
1767378224.6642153,RECEIVED,1796b6cb-bbb0-4d3d-a2c8-83d8246a1391,?,?,1787,
1767378224.675174,RECEIVED,e0c5f45e-0cc0-45df-8eff-1e4946641330,?,?,1792,
1767378224.690524,SENT,3e3dbf19-2cbd-4fbb-ba89-9f51813e092c,?,?,1268,
1767378224.7484834,SENT,1796b6cb-bbb0-4d3d-a2c8-83d8246a1391,?,?,1267,
1767378224.7997468,RECEIVED,7aace9ee-5c28-4ef3-a33e-fa2d56b6473c,?,?,1247,
1767378224.8216097,SENT,afc40baf-df67-487b-b02a-9b49a9de11ae,?,?,1264,
1767378224.84071,SENT,e0c5f45e-0cc0-45df-8eff-1e4946641330,?,?,1271,
1767378224.867564,RECEIVED,0b18ced5-276d-4c7b-91b9-991f9a8bd144,?,?,1791,
1767378224.879834,SENT,6983ba49-fdf3-4158-a684-529b224908f8,?,?,1263,
1767378224.947545,RECEIVED,bd44b63b-e870-4bc7-9070-0687b6178ce7,?,?,1788,
1767378225.0883102,RECEIVED,ca9def93-e63e-4b85-904a-7527f731dfac,?,?,1244,
1767378225.1256547,RECEIVED,79117157-d01f-428c-9eb3-9c7c95c51c36,?,?,1775,
1767378225.1311228,RECEIVED,3e96fe6e-3206-4527-8a2a-18263b0f3c67,?,?,1793,
1767378225.1469266,RECEIVED,f92f6b25-3bcf-4896-916f-a92e9dedbf37,?,?,1791,
1767378225.168038,RECEIVED,e3c626f4-008a-4ee9-93c5-d32fdc182c84,?,?,1256,
1767378225.1798675,SENT,3e96fe6e-3206-4527-8a2a-18263b0f3c67,?,?,1271,
1767378225.185853,SENT,bd44b63b-e870-4bc7-9070-0687b6178ce7,?,?,1267,
1767378225.236331,SENT,ca9def93-e63e-4b85-904a-7527f731dfac,?,?,859,
1767378225.2832687,RECEIVED,cc78b848-8b13-4a59-8179-90fe801d0390,?,?,1792,
1767378225.3209376,RECEIVED,b5a4428f-6c7b-42d7-bffe-5d7ae4c3468e,?,?,1784,
1767378225.3699667,SENT,e3c626f4-008a-4ee9-93c5-d32fdc182c84,?,?,868,
1767378225.410484,SENT,b5a4428f-6c7b-42d7-bffe-5d7ae4c3468e,?,?,1266,
1767378225.4507105,SENT,79117157-d01f-428c-9eb3-9c7c95c51c36,?,?,1260,
1767378225.4939184,SENT,cc78b848-8b13-4a59-8179-90fe801d0390,?,?,1271,
1767378225.5097668,RECEIVED,e344b7d7-d8a3-4f3d-84c6-4b4f2acc1144,?,?,1787,
1767378225.6250162,RECEIVED,cd21551a-f946-43ea-8683-cfb7ff255736,?,?,1787,
1767378225.6305478,SENT,0b18ced5-276d-4c7b-91b9-991f9a8bd144,?,?,1271,
1767378225.635473,RECEIVED,dbc8c5c6-53b9-450f-92b0-3a00a7b72bbb,?,?,1792,
1767378225.6959474,RECEIVED,fe1493c6-7d8a-40f0-aecf-44e5544baceb,?,?,1256,
1767378225.826306,SENT,fe1493c6-7d8a-40f0-aecf-44e5544baceb,?,?,868,
1767378226.0020268,SENT,dbc8c5c6-53b9-450f-92b0-3a00a7b72bbb,?,?,1271,
1767378226.0082672,RECEIVED,42027230-d4bf-403e-a66a-d264d5b53250,?,?,1246,
1767378226.079728,SENT,cd21551a-f946-43ea-8683-cfb7ff255736,?,?,1268,
1767378226.084345,RECEIVED,229e5e86-7a2c-4adb-9e33-e4746d925da3,?,?,1787,
1767378226.2586784,SENT,e344b7d7-d8a3-4f3d-84c6-4b4f2acc1144,?,?,1268,
1767378226.3560152,RECEIVED,a286f9e5-389d-4865-9f70-0fd4f18eb8d9,?,?,1791,
1767378226.4236753,RECEIVED,e7a63567-c7f3-4b90-b6f0-b4ffbf1a8b99,?,?,1784,
1767378226.445835,RECEIVED,7cd71088-8ff0-4f54-bce9-d9f71df36cb2,?,?,1792,
1767378226.56143,SENT,e7a63567-c7f3-4b90-b6f0-b4ffbf1a8b99,?,?,1264,
1767378226.6899078,SENT,f92f6b25-3bcf-4896-916f-a92e9dedbf37,?,?,1271,
1767378226.884095,SENT,a286f9e5-389d-4865-9f70-0fd4f18eb8d9,?,?,1272,
1767378226.8974488,SENT,42027230-d4bf-403e-a66a-d264d5b53250,?,?,863,
1767378226.9012623,SENT,7cd71088-8ff0-4f54-bce9-d9f71df36cb2,?,?,1271,
1767378226.9047177,SENT,229e5e86-7a2c-4adb-9e33-e4746d925da3,?,?,1267,
1767378226.929997,RECEIVED,6018bbef-d712-4a8f-92ca-f322139b6601,?,?,1260,
1767378226.992263,SENT,6018bbef-d712-4a8f-92ca-f322139b6601,?,?,872,
1767378226.9948802,SENT,7aace9ee-5c28-4ef3-a33e-fa2d56b6473c,?,?,863,
1767378227.0156662,RECEIVED,bf502172-a109-4713-be91-fe7fe33200af,?,?,1259,
1767378227.1377716,RECEIVED,f8aedf93-6231-464c-9b6e-c37f22b38eac,?,?,1792,
1767378227.236766,SENT,f8aedf93-6231-464c-9b6e-c37f22b38eac,?,?,1272,
1767378227.2563,RECEIVED,0bb5185b-3bd8-42d3-8a5a-c4b951449953,?,?,1791,
1767378227.2609296,RECEIVED,4243c538-7bc0-4529-950f-61e05a58e5ce,?,?,1791,
1767378227.3113017,RECEIVED,75c2c217-ca69-4e34-becc-4407d6050bb3,?,?,1260,
1767378227.5320938,SENT,bf502172-a109-4713-be91-fe7fe33200af,?,?,871,
1767378227.5464609,SENT,75c2c217-ca69-4e34-becc-4407d6050bb3,?,?,872,
1767378227.7620208,RECEIVED,a2218124-3916-46a1-8087-8bc34041ae58,?,?,1788,
1767378227.8714468,SENT,4243c538-7bc0-4529-950f-61e05a58e5ce,?,?,1271,
1767378227.9551985,RECEIVED,be97c8ec-e272-4b2d-9abb-2ec69fbc0a9b,?,?,1787,
1767378228.008522,SENT,a2218124-3916-46a1-8087-8bc34041ae58,?,?,1268,
1767378228.1578355,RECEIVED,b804ca02-e1c0-49c9-9e78-418de75b52e7,?,?,1787,
1767378228.242744,RECEIVED,971a3814-c4df-431d-9919-7026070d9034,?,?,1790,
1767378228.843644,RECEIVED,64318936-577b-4977-9983-27cbe9bc849c,?,?,1791,
1767378228.9145703,RECEIVED,2c0bd6b0-40f1-4bd3-8599-8225f72f87a2,?,?,1792,
1767378228.9675698,SENT,be97c8ec-e272-4b2d-9abb-2ec69fbc0a9b,?,?,1267,
1767378229.0569608,SENT,2c0bd6b0-40f1-4bd3-8599-8225f72f87a2,?,?,1271,
1767378229.3517034,RECEIVED,19e3fa46-74b1-4cb9-be85-7afb90602593,?,?,1787,
1767378229.418725,RECEIVED,b051a38f-a3f5-4c7d-a17b-ababad35f2b8,?,?,1786,
1767378229.5067215,SENT,b804ca02-e1c0-49c9-9e78-418de75b52e7,?,?,1268,
1767378229.5728924,SENT,19e3fa46-74b1-4cb9-be85-7afb90602593,?,?,1268,
1767378229.5757806,RECEIVED,f884af4c-a6bf-401e-a10a-ce31f9b79809,?,?,1791,
1767378229.5813494,SENT,64318936-577b-4977-9983-27cbe9bc849c,?,?,1272,
1767378229.6147952,RECEIVED,df5a26fd-9a56-44ab-a885-afe7b39dd442,?,?,1792,
1767378229.615724,RECEIVED,881a820e-7056-4a7d-8482-4b393e92d13a,?,?,1791,
1767378229.6826425,SENT,971a3814-c4df-431d-9919-7026070d9034,?,?,1272,
1767378229.7758088,RECEIVED,51ca9a8c-5d5a-4db5-ab98-3828885369df,?,?,1787,
1767378229.845603,RECEIVED,f34f51d2-688d-42d6-9ed0-c83cfe93631e,?,?,1791,
1767378229.8608546,SENT,0bb5185b-3bd8-42d3-8a5a-c4b951449953,?,?,1271,
1767378229.901539,SENT,df5a26fd-9a56-44ab-a885-afe7b39dd442,?,?,1271,
1767378230.1644135,SENT,881a820e-7056-4a7d-8482-4b393e92d13a,?,?,1272,
1767378230.2452521,RECEIVED,c2145c3b-d2b4-4ca7-b496-6f09ba2c412b,?,?,361,
1767378230.3372777,RECEIVED,ef987fd7-20e7-4448-be7e-d40e289263a2,?,?,1792,
1767378230.3531492,RECEIVED,17c9af3e-c480-40bb-9b46-cc20e25e495f,?,?,1800,
1767378230.4334004,RECEIVED,b7e7a4d5-4fb6-418e-8765-383354cea98e,?,?,1787,
1767378230.4411068,SENT,f34f51d2-688d-42d6-9ed0-c83cfe93631e,?,?,1270,
1767378230.4435785,RECEIVED,6cd60ef9-3101-4c1f-9b34-bc618a46cafd,?,?,1257,
1767378230.4484885,SENT,17c9af3e-c480-40bb-9b46-cc20e25e495f,?,?,1276,
1767378230.4588385,SENT,6cd60ef9-3101-4c1f-9b34-bc618a46cafd,?,?,868,
1767378230.6084921,SENT,51ca9a8c-5d5a-4db5-ab98-3828885369df,?,?,1267,
1767378230.6257756,SENT,b7e7a4d5-4fb6-418e-8765-383354cea98e,?,?,1268,
1767378230.6505077,RECEIVED,568ebb9c-28d4-4269-a319-a7242ec9e2df,?,?,1787,
1767378230.8071854,SENT,ef987fd7-20e7-4448-be7e-d40e289263a2,?,?,1272,
1767378230.8662565,SENT,f884af4c-a6bf-401e-a10a-ce31f9b79809,?,?,1272,
1767378230.899201,RECEIVED,b1dacb22-a634-4f10-92f1-64b672c90759,?,?,1775,
1767378231.1107364,RECEIVED,31838d0b-d627-4a4c-8e7e-e7bceb41258a,?,?,1259,
1767378231.342697,SENT,568ebb9c-28d4-4269-a319-a7242ec9e2df,?,?,1267,
1767378231.4359667,RECEIVED,dc26ba07-b888-4186-838e-1a05dcaad804,?,?,1258,
1767378231.482488,RECEIVED,a66801cf-2f81-4881-b6b0-33b1e5db1456,?,?,1787,
1767378231.6211438,RECEIVED,ff44b10d-a7a5-48ad-8aec-0e2d63b54094,?,?,1787,
1767378231.7855098,RECEIVED,20ae1a9b-a792-47c3-922e-384b3f61b2b0,?,?,1791,
1767378231.7905302,SENT,ff44b10d-a7a5-48ad-8aec-0e2d63b54094,?,?,1267,
1767378231.9246008,RECEIVED,d02d45d6-9fc3-428c-b181-776e89b96a4f,?,?,1788,
1767378232.0013058,SENT,a66801cf-2f81-4881-b6b0-33b1e5db1456,?,?,1267,
1767378232.07413,RECEIVED,c52f0ec7-dcd5-4a0c-91d9-f5edad7f008e,?,?,1789,
1767378232.0765002,RECEIVED,61e42613-5a53-4a9a-b42f-d1d4b3f42782,?,?,1787,
1767378232.1054168,SENT,c52f0ec7-dcd5-4a0c-91d9-f5edad7f008e,?,?,1268,
1767378232.1058936,RECEIVED,4d5f5a5a-e23c-4a9a-a4fe-60e001e267d4,?,?,1786,
1767378232.240244,SENT,d02d45d6-9fc3-428c-b181-776e89b96a4f,?,?,1268,
1767378232.3002138,SENT,20ae1a9b-a792-47c3-922e-384b3f61b2b0,?,?,1271,
1767378232.3554344,RECEIVED,00c3d548-b27e-4486-8d65-7a4f820136b9,?,?,1795,
1767378232.3853416,RECEIVED,4f302a34-d298-486a-8792-2fff94a5c4dd,?,?,1795,
1767378232.5161986,SENT,00c3d548-b27e-4486-8d65-7a4f820136b9,?,?,1275,
1767378232.68751,RECEIVED,4ecfe542-dd41-419d-893f-4c86d0dd0d87,?,?,1790,
1767378232.6924539,SENT,61e42613-5a53-4a9a-b42f-d1d4b3f42782,?,?,1267,
1767378232.768512,RECEIVED,c54bcf83-175c-44f9-b8f8-848eca66a81a,?,?,1248,
1767378232.8483803,SENT,4f302a34-d298-486a-8792-2fff94a5c4dd,?,?,1275,
1767378233.0009325,RECEIVED,2f8dc16f-3c0c-4e90-a50a-d59d075c6fec,?,?,362,
1767378233.0266423,RECEIVED,6869120d-f158-44ce-a75b-7a0faf30ac68,?,?,1783,
1767378233.0672836,SENT,c54bcf83-175c-44f9-b8f8-848eca66a81a,?,?,864,
1767378233.187876,RECEIVED,51ad680e-80a0-4363-adf3-f5644572fe35,?,?,1787,
1767378233.2392678,RECEIVED,998c576f-a8ac-412f-b164-1ed855d46bcc,?,?,1244,
1767378233.26921,SENT,4d5f5a5a-e23c-4a9a-a4fe-60e001e267d4,?,?,1268,
1767378233.5223114,RECEIVED,6f054904-fe4f-4f9d-9314-72fec4a44cee,?,?,1792,
1767378233.6043048,SENT,6f054904-fe4f-4f9d-9314-72fec4a44cee,?,?,1271,
1767378233.6404831,SENT,998c576f-a8ac-412f-b164-1ed855d46bcc,?,?,860,
1767378233.7974892,SENT,6869120d-f158-44ce-a75b-7a0faf30ac68,?,?,1264,
1767378233.828171,RECEIVED,bec9dfe1-08e1-4125-8f51-8232f4fd2f97,?,?,1788,
1767378233.9004934,SENT,bec9dfe1-08e1-4125-8f51-8232f4fd2f97,?,?,1267,
1767378233.9111907,SENT,51ad680e-80a0-4363-adf3-f5644572fe35,?,?,1268,
1767378233.9511938,RECEIVED,e6709eee-d9b2-4469-82d9-32ac1a0aee07,?,?,1787,
1767378234.033806,RECEIVED,17760b6f-9651-49e2-a151-47d2e0040092,?,?,1787,
1767378234.3663032,RECEIVED,24c6278f-b330-4b04-b87f-85643a6b1dc7,?,?,1259,
1767378234.7131038,RECEIVED,297fe97a-6666-498d-8762-0cfeeb2af045,?,?,1259,
1767378234.8808308,SENT,24c6278f-b330-4b04-b87f-85643a6b1dc7,?,?,871,
1767378235.0325499,RECEIVED,af262acd-b96e-4659-89f9-40c62cb54a35,?,?,1792,
1767378235.21197,SENT,297fe97a-6666-498d-8762-0cfeeb2af045,?,?,871,
1767378235.2253246,SENT,af262acd-b96e-4659-89f9-40c62cb54a35,?,?,1271,
1767378235.2335436,RECEIVED,b5b11e71-b912-4b5c-a336-1bc8bce1fc40,?,?,1787,
1767378235.718765,SENT,b5b11e71-b912-4b5c-a336-1bc8bce1fc40,?,?,1267,
1767378235.9450283,RECEIVED,7959e027-5285-4f17-ab63-0e7be005a873,?,?,1780,
1767378236.075974,SENT,7959e027-5285-4f17-ab63-0e7be005a873,?,?,1263,
1767378236.1087923,RECEIVED,b6ca3434-915b-4b66-8e18-ca331dd1037d,?,?,1263,
1767378236.1641648,SENT,b6ca3434-915b-4b66-8e18-ca331dd1037d,?,?,874,
1767378236.1889713,RECEIVED,eb3f2e4f-2c7a-46a3-9337-8f53679a2ca4,?,?,1787,
1767378236.2278845,RECEIVED,bd570116-dd01-4662-b182-8027abc2ae92,?,?,1791,
1767378236.239634,RECEIVED,ac46665f-b60f-4f43-89e8-b57a90144fac,?,?,1788,
1767378236.2987242,SENT,ac46665f-b60f-4f43-89e8-b57a90144fac,?,?,1267,
1767378236.5501769,RECEIVED,9ec4e828-9cbe-4f33-80bd-862b5ae3637e,?,?,1791,
1767378236.7238545,RECEIVED,ae26cfb7-dea6-4fec-ba1e-70ae75db926e,?,?,1256,
1767378236.7564983,RECEIVED,fd67c1f5-384b-4002-af44-8e38e8c9d61f,?,?,1799,
1767378236.805446,SENT,ae26cfb7-dea6-4fec-ba1e-70ae75db926e,?,?,870,
1767378236.8867023,RECEIVED,68fc0c29-e498-4ccb-9cff-964999d55426,?,?,1791,
1767378236.900415,RECEIVED,94c3a201-eedf-4891-bb5c-a75752a77168,?,?,1787,
1767378236.943561,RECEIVED,7c5b4538-64df-4b4a-aa28-c8499230ed5c,?,?,1792,
1767378237.0118887,SENT,bd570116-dd01-4662-b182-8027abc2ae92,?,?,1271,
1767378237.0348225,SENT,7c5b4538-64df-4b4a-aa28-c8499230ed5c,?,?,1270,
1767378237.0888488,RECEIVED,4ca64eb6-fd90-467d-8c93-aaa4e7a46d2b,?,?,1797,
1767378237.1383045,SENT,4ca64eb6-fd90-467d-8c93-aaa4e7a46d2b,?,?,1275,
1767378237.1466227,RECEIVED,4bb910ee-8e40-42e6-bbdd-4777e3c8b58f,?,?,1787,
1767378237.218727,SENT,9ec4e828-9cbe-4f33-80bd-862b5ae3637e,?,?,1272,
1767378237.2994711,RECEIVED,e2490542-c2a1-4808-bee6-38bdf3159c84,?,?,1787,
1767378237.49749,RECEIVED,a19dfc81-4f84-40f7-8661-8aee78f9d6f8,?,?,1795,
1767378237.5011914,SENT,fd67c1f5-384b-4002-af44-8e38e8c9d61f,?,?,1276,
1767378237.5464427,RECEIVED,bc187027-6d38-41b3-a110-aa42ecd4f5f1,?,?,1788,
1767378237.809967,RECEIVED,a3cb36a2-37ed-4306-85cd-29dab8c030a7,?,?,1260,
1767378237.9916048,SENT,bc187027-6d38-41b3-a110-aa42ecd4f5f1,?,?,1267,
1767378238.0391884,RECEIVED,be99888e-be4c-463f-916e-81cc8115eb20,?,?,1787,
1767378238.0989814,SENT,94c3a201-eedf-4891-bb5c-a75752a77168,?,?,1267,
1767378238.2177722,RECEIVED,e00aa462-08f5-4598-bba8-8d788387475f,?,?,1792,
1767378238.2244344,SENT,4bb910ee-8e40-42e6-bbdd-4777e3c8b58f,?,?,1268,
1767378238.2651289,SENT,e00aa462-08f5-4598-bba8-8d788387475f,?,?,1271,
1767378238.438415,SENT,be99888e-be4c-463f-916e-81cc8115eb20,?,?,1267,
1767378238.5682805,RECEIVED,c6536920-0402-4c2b-a893-23ef2374fdbf,?,?,1787,
1767378239.0119774,RECEIVED,29a62b89-56ed-496f-91f9-9256ef2bf62d,?,?,1794,
1767378239.3133843,RECEIVED,64393f9b-2be4-4ebc-990a-1c7da904d46b,?,?,1788,
1767378239.3803093,SENT,64393f9b-2be4-4ebc-990a-1c7da904d46b,?,?,1268,
1767378239.5600436,RECEIVED,7b74f344-63a4-4a61-a658-9e216e12b0f6,?,?,1783,
1767378239.5711782,RECEIVED,863ed752-7282-4a8a-b349-63e6e1326821,?,?,1792,
1767378239.6695268,RECEIVED,60c1738c-5a98-4a35-964c-7016aeb32f42,?,?,1789,
1767378239.7069874,RECEIVED,c623de12-e209-4307-a5fc-2e84d8acef57,?,?,1788,
1767378239.774614,SENT,c6536920-0402-4c2b-a893-23ef2374fdbf,?,?,1267,
1767378239.9287264,RECEIVED,25f101ed-244b-4c42-8c79-3d12acb19c18,?,?,1792,
1767378240.0684204,SENT,863ed752-7282-4a8a-b349-63e6e1326821,?,?,1272,
1767378240.2864752,RECEIVED,9ca2697a-abc0-4ae2-aaea-2adab3b3f581,?,?,1791,
1767378240.2956142,RECEIVED,6cbb722e-811b-49b9-86f1-27ff4c4b7e1e,?,?,1792,
1767378240.334809,RECEIVED,9e2be23e-0f9c-4950-8fb1-c6713cdb298a,?,?,1792,
1767378240.5759294,SENT,6cbb722e-811b-49b9-86f1-27ff4c4b7e1e,?,?,1272,
1767378240.589224,RECEIVED,0cb2a1d3-7297-4363-b381-83f97ee8168b,?,?,1787,
1767378240.750824,SENT,9e2be23e-0f9c-4950-8fb1-c6713cdb298a,?,?,1271,
1767378240.8190966,RECEIVED,6401a787-fe09-440f-aac6-dfc69946966d,?,?,1787,
1767378240.8501678,RECEIVED,0b302ba7-009e-441b-b430-77b3509796ab,?,?,1788,
1767378240.862381,RECEIVED,5821e496-93c7-40b6-81ef-3201d2c92c64,?,?,1791,
1767378241.0106885,SENT,0cb2a1d3-7297-4363-b381-83f97ee8168b,?,?,1267,
1767378241.0165753,RECEIVED,32881730-3f0f-455e-8bdf-9718966bc4ad,?,?,1783,
1767378241.2081778,SENT,5821e496-93c7-40b6-81ef-3201d2c92c64,?,?,1271,
1767378241.2406218,RECEIVED,4272bf20-c121-4bf7-bd10-02fd9d7ec690,?,?,1791,
1767378241.2450294,RECEIVED,e35aee21-499f-4612-8520-b7e4a1269499,?,?,1791,
1767378241.3532321,SENT,32881730-3f0f-455e-8bdf-9718966bc4ad,?,?,1264,
1767378241.3808095,RECEIVED,a81df85f-ebe2-4187-a825-5761f561b88d,?,?,1255,
1767378241.4311824,RECEIVED,66394018-cd12-430a-b55f-491bcbbecc2d,?,?,1787,
1767378241.4442265,RECEIVED,9a70f812-d931-47a9-a5f1-a3ae21dbcc0c,?,?,1786,
1767378241.5662432,SENT,9ca2697a-abc0-4ae2-aaea-2adab3b3f581,?,?,1271,
1767378241.856149,SENT,e35aee21-499f-4612-8520-b7e4a1269499,?,?,1272,
1767378241.9174342,RECEIVED,a7de9a4a-6009-47d6-b99e-52b808ba6295,?,?,1783,
1767378241.9567583,SENT,a81df85f-ebe2-4187-a825-5761f561b88d,?,?,868,
1767378241.9741256,RECEIVED,ac44dd4a-425f-47c0-9b06-6dc090d169a2,?,?,1784,
1767378242.084866,RECEIVED,794b5561-34a7-4567-8c7d-d91f7c6468c7,?,?,1787,
1767378242.0984666,SENT,ac44dd4a-425f-47c0-9b06-6dc090d169a2,?,?,1264,
1767378242.1105716,SENT,66394018-cd12-430a-b55f-491bcbbecc2d,?,?,1268,
1767378242.3465679,SENT,4272bf20-c121-4bf7-bd10-02fd9d7ec690,?,?,1272,
1767378242.4989324,RECEIVED,d4a12a2a-e95b-4133-9c90-a0fde8e17e1d,?,?,1788,
1767378242.55218,SENT,d4a12a2a-e95b-4133-9c90-a0fde8e17e1d,?,?,1268,
1767378242.6217177,SENT,a7de9a4a-6009-47d6-b99e-52b808ba6295,?,?,1266,
1767378242.8575203,RECEIVED,7cbb7e50-741e-45a7-b650-094a1d328cef,?,?,1791,
1767378242.8933096,RECEIVED,0d07639b-8d07-49a0-bbf2-f1dbd9777b5a,?,?,1783,
1767378242.953154,RECEIVED,4de04a4e-4565-4f38-b18a-8505b37c69a1,?,?,1804,
1767378243.1636367,RECEIVED,a55c8a6d-7eb5-4a6c-b1e7-a7d7337972ef,?,?,1792,
1767378243.166248,RECEIVED,cb9f7488-8d3d-462d-a551-20408064f590,?,?,1791,
1767378243.200449,RECEIVED,5dc7a24d-20a1-4dc0-8ece-2e64a65d786d,?,?,1260,
1767378243.2564209,SENT,5dc7a24d-20a1-4dc0-8ece-2e64a65d786d,?,?,872,
1767378243.261684,SENT,7cbb7e50-741e-45a7-b650-094a1d328cef,?,?,1271,
1767378243.2767806,SENT,4de04a4e-4565-4f38-b18a-8505b37c69a1,?,?,1280,
1767378243.5159268,RECEIVED,b58d1e06-6b7d-4d2c-b93e-c0a608bbce2b,?,?,1787,
1767378243.5231247,RECEIVED,bfd8c2ee-b8f4-46d4-8242-a46d00b3cd56,?,?,1801,
1767378243.531125,RECEIVED,9c245f1c-fa3c-4870-b1e9-077d331ec61d,?,?,1795,
1767378243.5379467,SENT,bfd8c2ee-b8f4-46d4-8242-a46d00b3cd56,?,?,1276,
1767378243.6062834,SENT,cb9f7488-8d3d-462d-a551-20408064f590,?,?,1272,
1767378243.6829565,RECEIVED,6da88a4e-1049-4414-9809-4f35ffd3ef2f,?,?,1791,
1767378243.7534978,RECEIVED,8f8814a0-7e88-495f-a5eb-afaa870eb612,?,?,1795,
1767378243.9894419,SENT,9c245f1c-fa3c-4870-b1e9-077d331ec61d,?,?,1275,
1767378244.0874856,SENT,8f8814a0-7e88-495f-a5eb-afaa870eb612,?,?,1275,
1767378244.2262013,SENT,0d07639b-8d07-49a0-bbf2-f1dbd9777b5a,?,?,1264,
1767378244.3377,RECEIVED,904c5cc1-21da-4e49-85f9-fbd2d4d4c4ba,?,?,1247,
1767378244.5555513,RECEIVED,30f66582-89bc-476c-836f-308603ded6d3,?,?,1251,
1767378244.7478986,RECEIVED,55e80d2c-91e8-4493-9285-af15e5b28ba5,?,?,1779,
1767378244.7614398,RECEIVED,4a096d95-87be-4502-9993-058ede6d5b4f,?,?,1804,
1767378244.862109,RECEIVED,383a196f-b901-4312-a0d9-7d19840581c4,?,?,1259,
1767378244.8901982,RECEIVED,9c0af6cb-9166-4f6f-b487-c9944ab64b51,?,?,1260,
1767378245.0528677,RECEIVED,3b281eea-5353-427c-b2e5-bc15e5d878aa,?,?,1256,
1767378245.1002626,SENT,3b281eea-5353-427c-b2e5-bc15e5d878aa,?,?,868,
1767378245.1907673,RECEIVED,cc3b33f4-cb0d-43cd-b09d-dcc2cc71b109,?,?,1795,
1767378245.2384975,RECEIVED,30cfe237-1599-476d-b4e0-4fd93621d94a,?,?,1803,
1767378245.2547822,RECEIVED,c283493a-c867-4a8e-8ab3-987fe79280af,?,?,1799,
1767378245.2851746,SENT,b58d1e06-6b7d-4d2c-b93e-c0a608bbce2b,?,?,1267,
1767378245.3032482,SENT,30f66582-89bc-476c-836f-308603ded6d3,?,?,866,
1767378245.4965205,SENT,55e80d2c-91e8-4493-9285-af15e5b28ba5,?,?,1263,
1767378245.6066544,SENT,383a196f-b901-4312-a0d9-7d19840581c4,?,?,872,
1767378245.6996572,RECEIVED,ebd7ee79-bf7e-4177-9f24-f8b4356c48a3,?,?,1259,
1767378245.786445,RECEIVED,be2b1705-0dd2-4fb7-95e8-5b3758515f76,?,?,1792,
1767378245.802148,RECEIVED,b7f14a2e-1a20-4c1d-be3a-94cb90ea273a,?,?,1800,
1767378245.9262953,RECEIVED,8ba0db21-1731-4046-8346-054da4c70b11,?,?,1804,
1767378245.973334,SENT,8ba0db21-1731-4046-8346-054da4c70b11,?,?,1280,
1767378246.018378,SENT,be2b1705-0dd2-4fb7-95e8-5b3758515f76,?,?,1272,
1767378246.018917,RECEIVED,b7837ae8-b5ed-441a-b015-61ec9db92c29,?,?,1796,
1767378246.0527759,RECEIVED,a5f0eafb-afab-444c-b539-f8af25284521,?,?,1787,
1767378246.180972,SENT,b7f14a2e-1a20-4c1d-be3a-94cb90ea273a,?,?,1278,
1767378246.3057861,SENT,a5f0eafb-afab-444c-b539-f8af25284521,?,?,1268,
1767378246.3705826,RECEIVED,c0bc3f34-a994-4b81-8556-4e177c474296,?,?,1795,
1767378246.4369571,RECEIVED,d72bcb61-927f-4185-8c54-d628f286a8cf,?,?,1795,
1767378246.5102654,SENT,b7837ae8-b5ed-441a-b015-61ec9db92c29,?,?,1275,
1767378246.5871809,RECEIVED,8385c4cf-7a30-4f08-8590-552f6bd4d5bc,?,?,1799,
1767378246.683579,RECEIVED,de0231ac-eb6c-44f0-8a65-4056b6479aed,?,?,1799,
1767378246.7529678,RECEIVED,49157cf4-f614-4034-8532-d7c83d952e68,?,?,1791,
1767378246.8697467,SENT,d72bcb61-927f-4185-8c54-d628f286a8cf,?,?,1275,
1767378247.0006843,SENT,49157cf4-f614-4034-8532-d7c83d952e68,?,?,1271,
1767378247.0306048,SENT,de0231ac-eb6c-44f0-8a65-4056b6479aed,?,?,1277,
1767378247.1503572,SENT,c0bc3f34-a994-4b81-8556-4e177c474296,?,?,1274,
1767378247.1674712,RECEIVED,01358d6c-e4fb-470c-9261-3bbf2a79c9ab,?,?,1804,
1767378247.1873877,RECEIVED,53be02c0-75b7-4006-af11-34c34b7477b0,?,?,1804,
1767378247.1973486,RECEIVED,0fc8ecd4-1c86-4613-bbb6-5b97a4075704,?,?,1803,
1767378247.3563302,SENT,53be02c0-75b7-4006-af11-34c34b7477b0,?,?,1279,
1767378247.393607,RECEIVED,fad4c87c-8635-474f-b44b-f84b9508e1c6,?,?,1785,
1767378247.5135932,SENT,01358d6c-e4fb-470c-9261-3bbf2a79c9ab,?,?,1280,
1767378247.6849825,RECEIVED,957e7cf2-7fac-4179-a887-b316a11ef9e5,?,?,1795,
1767378247.9174454,SENT,fad4c87c-8635-474f-b44b-f84b9508e1c6,?,?,1267,
1767378248.012773,RECEIVED,1cfcbe35-19b1-4d77-8017-036526cb2a5a,?,?,1803,
1767378248.0627036,SENT,957e7cf2-7fac-4179-a887-b316a11ef9e5,?,?,1275,
1767378248.1373,RECEIVED,20411772-1c45-4f4f-afdb-0e4f97884387,?,?,1787,
1767378248.3113337,RECEIVED,c97ddb9b-c0bf-4678-8759-14bbc83d1789,?,?,1790,
1767378248.3632085,RECEIVED,52c9ea5b-ab42-4185-9ced-e1d5f4f9baf7,?,?,1799,
1767378248.402863,SENT,20411772-1c45-4f4f-afdb-0e4f97884387,?,?,1267,
1767378248.4070926,RECEIVED,a09f1245-d61c-4e9a-9465-2bdef26cbcf9,?,?,1808,
1767378248.5644224,RECEIVED,324c1ec6-ec7d-4658-a031-d6521bd52ca1,?,?,1803,
1767378248.8588727,RECEIVED,ff00a94b-55b2-4ada-9cbb-c82c21ae20b2,?,?,1803,
1767378249.0326421,SENT,1cfcbe35-19b1-4d77-8017-036526cb2a5a,?,?,1279,
1767378249.1779013,RECEIVED,55075590-9a87-4545-97b8-37f78956a8f6,?,?,1803,
1767378249.2839339,RECEIVED,b9a1ef7a-7566-40bf-b9a5-5293f55bbdff,?,?,1787,
1767378249.320246,RECEIVED,dc190521-f09f-4d5c-9cba-8098701ca3a1,?,?,1800,
1767378249.430714,RECEIVED,a6ffbe2b-e15d-4bee-8188-999732827ad4,?,?,1256,
1767378249.4607358,RECEIVED,d101b625-cb25-457f-b572-4eb7c105517b,?,?,1796,
1767378249.4663897,RECEIVED,5e983650-15a5-4266-9f4a-f852b062da0a,?,?,1251,
1767378249.4945595,SENT,dc190521-f09f-4d5c-9cba-8098701ca3a1,?,?,1276,
1767378249.5194378,RECEIVED,61ec9ef5-8163-43cd-8233-465be2f843f1,?,?,1795,
1767378249.548316,SENT,d101b625-cb25-457f-b572-4eb7c105517b,?,?,1274,
1767378249.5846245,RECEIVED,b8c333e1-43cc-4e28-a4b3-6bd2e96210cf,?,?,1811,
1767378249.6012406,RECEIVED,a78093f4-aea8-4fdc-b98f-29eaca48d5af,?,?,1803,
1767378249.6249688,RECEIVED,e9689cf3-316f-4215-9652-b9537bb7a1cc,?,?,1259,
1767378249.6913116,RECEIVED,c4a0bbca-7c5e-4a51-8959-e040bdaf2850,?,?,1801,
1767378249.8157494,SENT,a6ffbe2b-e15d-4bee-8188-999732827ad4,?,?,868,
1767378249.890199,RECEIVED,0b4f25ba-c01f-45eb-98db-b764c987f739,?,?,1259,
1767378249.903411,SENT,b9a1ef7a-7566-40bf-b9a5-5293f55bbdff,?,?,1267,
1767378250.0134254,RECEIVED,aa18efac-8f2d-44ef-b8aa-b846bd53d109,?,?,1803,
1767378250.095383,RECEIVED,660a2989-034d-4a1b-b059-67f279d6d484,?,?,1803,
1767378250.1576087,SENT,55075590-9a87-4545-97b8-37f78956a8f6,?,?,1280,
1767378250.293823,RECEIVED,c2388c59-3aaa-4a40-b606-e1d4b4498786,?,?,1260,
1767378250.4267337,SENT,c2388c59-3aaa-4a40-b606-e1d4b4498786,?,?,872,
1767378250.6418025,SENT,e9689cf3-316f-4215-9652-b9537bb7a1cc,?,?,871,
1767378250.8329744,RECEIVED,3264e6c7-e7de-44e8-a6c4-1b1787d924d8,?,?,1796,
1767378250.8387425,RECEIVED,8398d9ee-fdfd-4025-a77d-b40b6e80532e,?,?,1804,
1767378250.857104,SENT,aa18efac-8f2d-44ef-b8aa-b846bd53d109,?,?,1279,
1767378250.9195018,RECEIVED,abda70c8-7d06-4bae-87cd-45f283fbd0a9,?,?,1251,
1767378251.0490255,SENT,8398d9ee-fdfd-4025-a77d-b40b6e80532e,?,?,1280,
1767378251.0846276,SENT,3264e6c7-e7de-44e8-a6c4-1b1787d924d8,?,?,1275,
1767378251.3289983,SENT,61ec9ef5-8163-43cd-8233-465be2f843f1,?,?,1275,
1767378251.3539233,SENT,b8c333e1-43cc-4e28-a4b3-6bd2e96210cf,?,?,1287,
1767378251.3614023,RECEIVED,fa8bf8e6-10e3-4548-8f61-89556acbb4d3,?,?,1787,
1767378251.6094584,RECEIVED,cff3a433-6610-41c7-b6c6-37d5ee1e26ce,?,?,1792,
1767378251.6834912,RECEIVED,d9a11629-3120-4950-a141-84b015a0f0f5,?,?,1803,
1767378251.7208035,RECEIVED,8951abe7-f68b-4e5b-b678-72e33d495fb0,?,?,1796,
1767378251.9836946,RECEIVED,b0c42274-bcb6-4057-be9d-8691372b253d,?,?,1803,
1767378252.2838008,RECEIVED,1c3694ee-ed9d-4c31-a661-c592d3acb486,?,?,1251,
1767378252.3713236,RECEIVED,bd0f6f1d-f81b-48f4-9d9c-b6cf759bd2f9,?,?,1792,
1767378252.462231,RECEIVED,2194a9e3-c86a-4ed3-bb70-d1583dd622ee,?,?,1255,
1767378252.5068169,SENT,b0c42274-bcb6-4057-be9d-8691372b253d,?,?,1281,
1767378252.6276913,RECEIVED,0122745b-fe1b-404e-81c3-5de56826318b,?,?,1788,
1767378252.6330874,RECEIVED,4cc8dd85-a7ce-4706-81d9-58d0a08f3c5e,?,?,1800,
1767378252.6428087,SENT,bd0f6f1d-f81b-48f4-9d9c-b6cf759bd2f9,?,?,1271,
1767378252.7332122,RECEIVED,92b4a823-5e32-4673-b97a-658ac3b34dc3,?,?,1795,
1767378252.7340074,SENT,4cc8dd85-a7ce-4706-81d9-58d0a08f3c5e,?,?,1277,
1767378252.8618445,SENT,d9a11629-3120-4950-a141-84b015a0f0f5,?,?,1279,
1767378252.9936235,SENT,92b4a823-5e32-4673-b97a-658ac3b34dc3,?,?,1275,
1767378253.041438,RECEIVED,1bbaa731-3e3c-4319-afb2-aea0949e5a92,?,?,1788,
1767378253.1540208,SENT,1bbaa731-3e3c-4319-afb2-aea0949e5a92,?,?,1267,
1767378253.2251658,SENT,1c3694ee-ed9d-4c31-a661-c592d3acb486,?,?,867,
1767378253.4211793,RECEIVED,9eea2949-7795-4c74-a16c-b4908c74e045,?,?,1792,
1767378253.509838,RECEIVED,29a2bdf7-108c-45cd-876c-af3275bdd429,?,?,1259,
1767378254.6507318,RECEIVED,d183ce6e-a5f2-4858-ae1d-7a98aeb1adb7,?,?,1251,
1767378255.5832133,SENT,d183ce6e-a5f2-4858-ae1d-7a98aeb1adb7,?,?,867,
