timestamp,event_type,packet_id,src,dst,size,prev_hop,next_hop,flags
1768488812.608861,RECEIVED,d060a612-90f0-4ed7-a006-b60e6063c42f,c1,c3,904,i4,?,
1768488812.7624967,SENT,d060a612-90f0-4ed7-a006-b60e6063c42f,c1,c3,604,?,p3,
1768488812.7626383,FORWARDED,d060a612-90f0-4ed7-a006-b60e6063c42f,c1,c3,604,?,p3,
1768488812.822384,RECEIVED,248e085c-a9fa-4c30-91dc-ec16f6b431f6,c1,c3,899,i4,?,
1768488813.357628,SENT,248e085c-a9fa-4c30-91dc-ec16f6b431f6,c1,c3,603,?,p3,
1768488813.3577435,FORWARDED,248e085c-a9fa-4c30-91dc-ec16f6b431f6,c1,c3,603,?,p3,
1768488813.947606,RECEIVED,e8252cf3-a4dc-46c1-ab3c-177e3e971753,c4,c5,907,i3,?,
1768488814.1837008,SENT,e8252cf3-a4dc-46c1-ab3c-177e3e971753,c4,c5,608,?,p2,
1768488814.1837745,FORWARDED,e8252cf3-a4dc-46c1-ab3c-177e3e971753,c4,c5,608,?,p2,
1768488814.2245572,RECEIVED,1b13298a-d47f-4a92-af34-88aad885da62,c3,c2,907,i4,?,
1768488814.340974,RECEIVED,67fe9bd0-9983-4a02-9e47-94539a387cf0,c2,c5,907,i11,?,
1768488814.4308105,RECEIVED,b1dd4c97-4521-435e-aec5-97181934023b,c2,c5,900,i6,?,
1768488814.4969525,RECEIVED,33dfad23-c65d-4bc1-900f-85b439d58444,c4,c5,907,i3,?,
1768488814.5694528,SENT,b1dd4c97-4521-435e-aec5-97181934023b,c2,c5,603,?,p2,
1768488814.5695262,FORWARDED,b1dd4c97-4521-435e-aec5-97181934023b,c2,c5,603,?,p2,
1768488814.6116192,SENT,1b13298a-d47f-4a92-af34-88aad885da62,c3,c2,607,?,p2,
1768488814.6116943,FORWARDED,1b13298a-d47f-4a92-af34-88aad885da62,c3,c2,607,?,p2,
1768488814.716103,SENT,33dfad23-c65d-4bc1-900f-85b439d58444,c4,c5,608,?,p2,
1768488814.7161784,FORWARDED,33dfad23-c65d-4bc1-900f-85b439d58444,c4,c5,608,?,p2,
1768488815.1069825,RECEIVED,4035e77f-123f-48a8-bb7c-ef33cf962397,c3,c1,907,i4,?,
1768488815.3249629,RECEIVED,041c63aa-93dd-4d9e-991b-9d9f93055d07,c3,c2,1004,i11,?,
1768488815.4339569,SENT,041c63aa-93dd-4d9e-991b-9d9f93055d07,c3,c2,679,?,p2,
1768488815.4340158,FORWARDED,041c63aa-93dd-4d9e-991b-9d9f93055d07,c3,c2,679,?,p2,
1768488815.4800076,RECEIVED,44aa6ff6-051e-4282-98cc-635ae4da0612,c2,c1,903,i2,?,
1768488815.4915423,RECEIVED,1bfde9ea-2bf5-405f-a75a-85296f475e2d,c3,c1,900,i4,?,
1768488815.663144,SENT,1bfde9ea-2bf5-405f-a75a-85296f475e2d,c3,c1,603,?,p1,
1768488815.6632035,FORWARDED,1bfde9ea-2bf5-405f-a75a-85296f475e2d,c3,c1,603,?,p1,
1768488815.884949,SENT,4035e77f-123f-48a8-bb7c-ef33cf962397,c3,c1,607,?,p1,
1768488815.8850043,FORWARDED,4035e77f-123f-48a8-bb7c-ef33cf962397,c3,c1,607,?,p1,
1768488815.9343963,RECEIVED,07758b04-e339-4c4b-b0e6-946a37501442,c3,c2,1003,i10,?,
1768488816.0549443,SENT,67fe9bd0-9983-4a02-9e47-94539a387cf0,c2,c5,607,?,p2,
1768488816.055005,FORWARDED,67fe9bd0-9983-4a02-9e47-94539a387cf0,c2,c5,607,?,p2,
1768488816.2807887,RECEIVED,593967a6-9df7-4bc5-b801-82bd16bc6fca,c3,c2,908,i4,?,
1768488816.3209784,SENT,44aa6ff6-051e-4282-98cc-635ae4da0612,c2,c1,604,?,p1,
1768488816.3210187,FORWARDED,44aa6ff6-051e-4282-98cc-635ae4da0612,c2,c1,604,?,p1,
1768488816.4202254,SENT,593967a6-9df7-4bc5-b801-82bd16bc6fca,c3,c2,608,?,p2,
1768488816.4202652,FORWARDED,593967a6-9df7-4bc5-b801-82bd16bc6fca,c3,c2,608,?,p2,
1768488816.4251158,RECEIVED,1f4c9242-bd94-4d32-b7e7-0d0c941956ca,c2,c1,903,i2,?,
1768488816.5673277,RECEIVED,ec22d82b-6d84-41c8-b2b7-b5699ade7c5e,c4,c5,907,i1,?,
1768488816.6326602,RECEIVED,2853f2fa-4888-4953-878c-c6cde41d2a67,c1,c5,1004,i11,?,
1768488816.6343613,SENT,07758b04-e339-4c4b-b0e6-946a37501442,c3,c2,679,?,p2,
1768488816.6344032,FORWARDED,07758b04-e339-4c4b-b0e6-946a37501442,c3,c2,679,?,p2,
1768488816.7349916,RECEIVED,74f82ff4-35a8-418f-a61f-0cffed5487f1,c5,c3,1004,i9,?,
1768488816.7432957,SENT,2853f2fa-4888-4953-878c-c6cde41d2a67,c1,c5,680,?,p2,
1768488816.7433355,FORWARDED,2853f2fa-4888-4953-878c-c6cde41d2a67,c1,c5,680,?,p2,
1768488816.817379,RECEIVED,06a14714-80e8-4094-a8a1-439c15c017f0,c4,c5,908,i1,?,
1768488816.8462095,RECEIVED,09358a8a-85fb-4264-b106-ad168e7d91e5,c2,c4,907,i8,?,
1768488816.944381,SENT,ec22d82b-6d84-41c8-b2b7-b5699ade7c5e,c4,c5,609,?,p2,
1768488816.9444215,FORWARDED,ec22d82b-6d84-41c8-b2b7-b5699ade7c5e,c4,c5,609,?,p2,
1768488816.9690638,RECEIVED,b9560c2e-cf2e-4a5d-a4aa-2785d93ed97e,c2,c4,1003,i4,?,
1768488817.022927,SENT,06a14714-80e8-4094-a8a1-439c15c017f0,c4,c5,607,?,p2,
1768488817.0229723,FORWARDED,06a14714-80e8-4094-a8a1-439c15c017f0,c4,c5,607,?,p2,
1768488817.2344518,SENT,74f82ff4-35a8-418f-a61f-0cffed5487f1,c5,c3,681,?,p3,
1768488817.2344902,FORWARDED,74f82ff4-35a8-418f-a61f-0cffed5487f1,c5,c3,681,?,p3,
1768488817.3126795,RECEIVED,f497bef1-97c8-4652-adda-891866f4e325,c5,c4,996,i4,?,
1768488817.316813,RECEIVED,c3c039a7-910f-4bd4-bc71-68e9f648033a,c1,DROP,599,i11,?,
1768488817.3489683,SENT,09358a8a-85fb-4264-b106-ad168e7d91e5,c2,c4,607,?,p1,
1768488817.3490064,FORWARDED,09358a8a-85fb-4264-b106-ad168e7d91e5,c2,c4,607,?,p1,
1768488817.4198034,RECEIVED,93eb8bdd-2b9f-4e9f-af8e-ab35bcd81859,c3,c5,908,i3,?,
1768488817.4345474,RECEIVED,e1d4a230-a2e2-4780-ab28-5ccbb7246202,c1,c3,1000,i3,?,
1768488817.487203,SENT,f497bef1-97c8-4652-adda-891866f4e325,c5,c4,674,?,p1,
1768488817.4872427,FORWARDED,f497bef1-97c8-4652-adda-891866f4e325,c5,c4,674,?,p1,
1768488817.539868,RECEIVED,7eb0e703-dec7-44b1-ae66-dd8b7f4d227a,c2,c3,907,i10,?,
1768488817.5587683,SENT,e1d4a230-a2e2-4780-ab28-5ccbb7246202,c1,c3,676,?,p3,
1768488817.558808,FORWARDED,e1d4a230-a2e2-4780-ab28-5ccbb7246202,c1,c3,676,?,p3,
1768488817.5773716,SENT,c3c039a7-910f-4bd4-bc71-68e9f648033a,c1,DROP,378,?,x3,
1768488817.5774107,FORWARDED,c3c039a7-910f-4bd4-bc71-68e9f648033a,c1,DROP,378,?,x3,
1768488817.6301713,RECEIVED,ee3ad2d2-0b74-4289-9cd3-151a34c324bb,c5,c1,997,i7,?,
1768488817.6448393,SENT,1f4c9242-bd94-4d32-b7e7-0d0c941956ca,c2,c1,604,?,p1,
1768488817.644879,FORWARDED,1f4c9242-bd94-4d32-b7e7-0d0c941956ca,c2,c1,604,?,p1,
1768488817.6774044,SENT,ee3ad2d2-0b74-4289-9cd3-151a34c324bb,c5,c1,675,?,p1,
1768488817.6774375,FORWARDED,ee3ad2d2-0b74-4289-9cd3-151a34c324bb,c5,c1,675,?,p1,
1768488817.6838593,SENT,93eb8bdd-2b9f-4e9f-af8e-ab35bcd81859,c3,c5,607,?,p2,
1768488817.6838975,FORWARDED,93eb8bdd-2b9f-4e9f-af8e-ab35bcd81859,c3,c5,607,?,p2,
1768488817.8202627,SENT,7eb0e703-dec7-44b1-ae66-dd8b7f4d227a,c2,c3,608,?,p3,
1768488817.8203065,FORWARDED,7eb0e703-dec7-44b1-ae66-dd8b7f4d227a,c2,c3,608,?,p3,
1768488817.9734292,RECEIVED,cff51c7a-05f8-4214-a0cc-4d469a89f535,c2,c4,907,i9,?,
1768488818.0187693,RECEIVED,6dc0d35c-eb61-48e8-9e2e-a3dd0dd2aef5,c1,c2,999,i3,?,
1768488818.1820192,SENT,cff51c7a-05f8-4214-a0cc-4d469a89f535,c2,c4,607,?,p1,
1768488818.1820831,FORWARDED,cff51c7a-05f8-4214-a0cc-4d469a89f535,c2,c4,607,?,p1,
1768488818.2502851,SENT,6dc0d35c-eb61-48e8-9e2e-a3dd0dd2aef5,c1,c2,676,?,p2,
1768488818.2503235,FORWARDED,6dc0d35c-eb61-48e8-9e2e-a3dd0dd2aef5,c1,c2,676,?,p2,
1768488818.8725753,RECEIVED,23817bb9-68d6-4167-b4a5-f40f1746a717,c2,c3,908,i10,?,
1768488818.8999677,RECEIVED,63933fc7-d5fb-48db-94ee-a258c037ed58,c1,c5,991,i9,?,
1768488818.9148746,RECEIVED,7d3c3428-c784-4a7f-bc37-00ef9a7c8cc2,c1,c3,1006,i5,?,
1768488818.9177392,RECEIVED,b069952e-e7f5-4afd-b395-12fb93008561,c5,c4,1003,i7,?,
1768488818.95357,SENT,23817bb9-68d6-4167-b4a5-f40f1746a717,c2,c3,608,?,p3,
1768488818.95361,FORWARDED,23817bb9-68d6-4167-b4a5-f40f1746a717,c2,c3,608,?,p3,
1768488818.9555407,SENT,7d3c3428-c784-4a7f-bc37-00ef9a7c8cc2,c1,c3,680,?,p3,
1768488818.955581,FORWARDED,7d3c3428-c784-4a7f-bc37-00ef9a7c8cc2,c1,c3,680,?,p3,
1768488819.0005248,RECEIVED,08935b77-bc9f-4a5f-8432-daea12d12b2d,c1,c5,1004,i3,?,
1768488819.085361,RECEIVED,ed65b088-bcb1-444b-a340-6e0cb4d05cac,c3,c5,907,i3,?,
1768488819.1317644,RECEIVED,f1f2bee2-8fdc-48ce-9df5-1bbac362cc55,c2,c3,1003,i9,?,
1768488819.2602262,SENT,b069952e-e7f5-4afd-b395-12fb93008561,c5,c4,681,?,p1,
1768488819.2602668,FORWARDED,b069952e-e7f5-4afd-b395-12fb93008561,c5,c4,681,?,p1,
1768488819.3121874,SENT,b9560c2e-cf2e-4a5d-a4aa-2785d93ed97e,c2,c4,680,?,p1,
1768488819.3122253,FORWARDED,b9560c2e-cf2e-4a5d-a4aa-2785d93ed97e,c2,c4,680,?,p1,
1768488819.3582842,RECEIVED,effac16d-7a3f-4136-8766-00d4f73dd818,c5,c3,991,i3,?,
1768488819.420496,SENT,08935b77-bc9f-4a5f-8432-daea12d12b2d,c1,c5,679,?,p2,
1768488819.420535,FORWARDED,08935b77-bc9f-4a5f-8432-daea12d12b2d,c1,c5,679,?,p2,
1768488819.514281,RECEIVED,335be117-23b9-47dc-a08d-941f29acf1a9,c3,DROP,600,i12,?,
1768488819.51852,SENT,f1f2bee2-8fdc-48ce-9df5-1bbac362cc55,c2,c3,679,?,p3,
1768488819.5185654,FORWARDED,f1f2bee2-8fdc-48ce-9df5-1bbac362cc55,c2,c3,679,?,p3,
1768488819.5597668,SENT,63933fc7-d5fb-48db-94ee-a258c037ed58,c1,c5,671,?,p2,
1768488819.559805,FORWARDED,63933fc7-d5fb-48db-94ee-a258c037ed58,c1,c5,671,?,p2,
1768488819.671738,SENT,335be117-23b9-47dc-a08d-941f29acf1a9,c3,DROP,377,?,e9,
1768488819.6717763,FORWARDED,335be117-23b9-47dc-a08d-941f29acf1a9,c3,DROP,377,?,e9,
1768488819.710668,RECEIVED,415faa35-1f9f-4835-9ae1-5891695201f7,c2,DROP,603,i9,?,
1768488819.7631977,RECEIVED,c88f912c-8eef-4349-9ee3-708533afb706,c3,c2,994,i5,?,
1768488819.8618667,RECEIVED,6f591c6b-4f24-4ad4-a87d-cdc62cdab982,c4,c3,907,i9,?,
1768488819.8656774,RECEIVED,5d6be34f-f76f-43fc-8d53-8f31c1c44324,c3,c1,991,i7,?,
1768488819.982356,RECEIVED,1a44ff96-6a43-445d-b1d0-311d612ae2dd,c5,c1,999,i5,?,
1768488820.0347931,SENT,ed65b088-bcb1-444b-a340-6e0cb4d05cac,c3,c5,607,?,p2,
1768488820.034834,FORWARDED,ed65b088-bcb1-444b-a340-6e0cb4d05cac,c3,c5,607,?,p2,
1768488820.045759,SENT,effac16d-7a3f-4136-8766-00d4f73dd818,c5,c3,671,?,p3,
1768488820.0457993,FORWARDED,effac16d-7a3f-4136-8766-00d4f73dd818,c5,c3,671,?,p3,
1768488820.0634246,RECEIVED,42628004-cc8e-4c4b-a5ca-dfe0405439ac,c1,c5,1002,i7,?,
1768488820.1244352,SENT,1a44ff96-6a43-445d-b1d0-311d612ae2dd,c5,c1,676,?,p1,
1768488820.124473,FORWARDED,1a44ff96-6a43-445d-b1d0-311d612ae2dd,c5,c1,676,?,p1,
1768488820.2144482,RECEIVED,8e327b52-3487-4112-99bb-9d70fc37df2e,c1,c5,995,i5,?,
1768488820.3275259,SENT,5d6be34f-f76f-43fc-8d53-8f31c1c44324,c3,c1,671,?,p1,
1768488820.3275669,FORWARDED,5d6be34f-f76f-43fc-8d53-8f31c1c44324,c3,c1,671,?,p1,
1768488820.37918,SENT,6f591c6b-4f24-4ad4-a87d-cdc62cdab982,c4,c3,609,?,p3,
1768488820.379214,FORWARDED,6f591c6b-4f24-4ad4-a87d-cdc62cdab982,c4,c3,609,?,p3,
1768488820.3901386,SENT,415faa35-1f9f-4835-9ae1-5891695201f7,c2,DROP,381,?,e4,
1768488820.3901887,FORWARDED,415faa35-1f9f-4835-9ae1-5891695201f7,c2,DROP,381,?,e4,
1768488820.4717388,RECEIVED,90a466a1-bebe-4952-9a62-4dabba42ddf1,c4,DROP,606,i1,?,
1768488820.5229492,SENT,90a466a1-bebe-4952-9a62-4dabba42ddf1,c4,DROP,380,?,i10,
1768488820.5229845,FORWARDED,90a466a1-bebe-4952-9a62-4dabba42ddf1,c4,DROP,380,?,i10,
1768488820.5287309,SENT,8e327b52-3487-4112-99bb-9d70fc37df2e,c1,c5,674,?,p2,
1768488820.5287688,FORWARDED,8e327b52-3487-4112-99bb-9d70fc37df2e,c1,c5,674,?,p2,
1768488820.8574378,RECEIVED,aa0a0bb0-ab6c-4523-92ee-884516c95fc7,c1,DROP,380,x12,?,
1768488820.9808657,SENT,c88f912c-8eef-4349-9ee3-708533afb706,c3,c2,673,?,p2,
1768488820.9809103,FORWARDED,c88f912c-8eef-4349-9ee3-708533afb706,c3,c2,673,?,p2,
1768488820.9827607,RECEIVED,f466cb73-0db2-48a1-b204-a2f95c4c84ae,c4,c3,991,i7,?,
1768488821.0279875,RECEIVED,34b857e1-6133-48ff-ad28-80867cc9f39c,c3,c2,995,i5,?,
1768488821.1401277,RECEIVED,bbd1e662-7a2b-4fa7-8ba1-7b0519188452,c5,c1,992,i4,?,
1768488821.1734366,RECEIVED,1787f701-43d7-4321-8f4c-7bd06296ade6,c4,c3,907,i9,?,
1768488821.2155366,SENT,f466cb73-0db2-48a1-b204-a2f95c4c84ae,c4,c3,670,?,p3,
1768488821.215575,FORWARDED,f466cb73-0db2-48a1-b204-a2f95c4c84ae,c4,c3,670,?,p3,
1768488821.2426376,SENT,42628004-cc8e-4c4b-a5ca-dfe0405439ac,c1,c5,680,?,p2,
1768488821.2426772,FORWARDED,42628004-cc8e-4c4b-a5ca-dfe0405439ac,c1,c5,680,?,p2,
1768488821.254392,RECEIVED,189813e0-eb5e-41b8-86ce-f9a13a2aec63,c4,c1,996,i5,?,
1768488821.3511837,SENT,bbd1e662-7a2b-4fa7-8ba1-7b0519188452,c5,c1,670,?,p1,
1768488821.3512228,FORWARDED,bbd1e662-7a2b-4fa7-8ba1-7b0519188452,c5,c1,670,?,p1,
1768488821.4334116,RECEIVED,60ac4fee-ca1b-4a3f-85d1-d0a9b1e14ea2,c4,DROP,600,i3,?,
1768488821.4943714,RECEIVED,77e1bd13-5747-46a9-990c-0b8ca753b7b3,c4,c3,1004,i3,?,
1768488821.542108,SENT,189813e0-eb5e-41b8-86ce-f9a13a2aec63,c4,c1,675,?,p1,
1768488821.5421534,FORWARDED,189813e0-eb5e-41b8-86ce-f9a13a2aec63,c4,c1,675,?,p1,
1768488821.5834885,RECEIVED,bc8da615-e75a-4acc-8a0d-715809ba2400,c5,c4,1003,i9,?,
1768488821.6142814,RECEIVED,552d21e2-7615-4241-ac0b-a7df3e8a715e,c3,c1,995,i11,?,
1768488821.655933,SENT,77e1bd13-5747-46a9-990c-0b8ca753b7b3,c4,c3,680,?,p3,
1768488821.6559718,FORWARDED,77e1bd13-5747-46a9-990c-0b8ca753b7b3,c4,c3,680,?,p3,
1768488821.7326696,RECEIVED,e95c9a60-7f7d-47b1-b64e-a4bba8eebe95,c3,c1,995,i10,?,
1768488821.8267462,RECEIVED,1edb2b61-283c-4d36-bff9-e50078507e5d,c4,c3,1003,i9,?,
1768488821.8334033,SENT,60ac4fee-ca1b-4a3f-85d1-d0a9b1e14ea2,c4,DROP,378,?,e11,
1768488821.8334408,FORWARDED,60ac4fee-ca1b-4a3f-85d1-d0a9b1e14ea2,c4,DROP,378,?,e11,
1768488821.917015,RECEIVED,44cd1ff3-7a67-451e-9f4e-156af721e960,c1,c5,908,i7,?,
1768488821.9501858,SENT,34b857e1-6133-48ff-ad28-80867cc9f39c,c3,c2,675,?,p2,
1768488821.950225,FORWARDED,34b857e1-6133-48ff-ad28-80867cc9f39c,c3,c2,675,?,p2,
1768488822.0129006,RECEIVED,1a4be32d-4fbf-4745-bb18-0321958e9542,c2,c3,1002,i5,?,
1768488822.0201504,SENT,1787f701-43d7-4321-8f4c-7bd06296ade6,c4,c3,607,?,p3,
1768488822.02019,FORWARDED,1787f701-43d7-4321-8f4c-7bd06296ade6,c4,c3,607,?,p3,
1768488822.1258025,SENT,bc8da615-e75a-4acc-8a0d-715809ba2400,c5,c4,681,?,p1,
1768488822.12584,FORWARDED,bc8da615-e75a-4acc-8a0d-715809ba2400,c5,c4,681,?,p1,
1768488822.1882806,RECEIVED,3e122816-d451-4c4c-b9ac-12ce74b409d9,c4,c5,900,i3,?,
1768488822.2032511,RECEIVED,b26662c9-e62d-41dc-b4ad-9f08e617a1d5,c1,c3,992,i3,?,
1768488822.2749176,SENT,1a4be32d-4fbf-4745-bb18-0321958e9542,c2,c3,679,?,p3,
1768488822.2749581,FORWARDED,1a4be32d-4fbf-4745-bb18-0321958e9542,c2,c3,679,?,p3,
1768488822.278383,SENT,3e122816-d451-4c4c-b9ac-12ce74b409d9,c4,c5,603,?,p2,
1768488822.278422,FORWARDED,3e122816-d451-4c4c-b9ac-12ce74b409d9,c4,c5,603,?,p2,
1768488822.2969196,RECEIVED,2992c2bf-dc96-4a3c-b6a9-4489a5b21d1d,c5,c3,912,i10,?,
1768488822.3245769,SENT,552d21e2-7615-4241-ac0b-a7df3e8a715e,c3,c1,674,?,p1,
1768488822.3246114,FORWARDED,552d21e2-7615-4241-ac0b-a7df3e8a715e,c3,c1,674,?,p1,
1768488822.3284178,SENT,44cd1ff3-7a67-451e-9f4e-156af721e960,c1,c5,608,?,p2,
1768488822.328455,FORWARDED,44cd1ff3-7a67-451e-9f4e-156af721e960,c1,c5,608,?,p2,
1768488822.382224,RECEIVED,0d1a0f43-18e8-48b7-85f3-59dc5f4448c7,c4,c5,899,i3,?,
1768488822.3875961,RECEIVED,0644dbf6-c01d-4509-a426-4bd92b5896f4,c2,c4,995,i5,?,
1768488822.4573646,SENT,2992c2bf-dc96-4a3c-b6a9-4489a5b21d1d,c5,c3,611,?,p3,
1768488822.457401,FORWARDED,2992c2bf-dc96-4a3c-b6a9-4489a5b21d1d,c5,c3,611,?,p3,
1768488822.4695308,SENT,1edb2b61-283c-4d36-bff9-e50078507e5d,c4,c3,680,?,p3,
1768488822.4695714,FORWARDED,1edb2b61-283c-4d36-bff9-e50078507e5d,c4,c3,680,?,p3,
1768488822.5226893,RECEIVED,1f951824-b9f1-4a32-9844-c4ace501f78b,c5,c4,999,i3,?,
1768488822.5983627,SENT,b26662c9-e62d-41dc-b4ad-9f08e617a1d5,c1,c3,671,?,p3,
1768488822.598396,FORWARDED,b26662c9-e62d-41dc-b4ad-9f08e617a1d5,c1,c3,671,?,p3,
1768488822.6729715,RECEIVED,52de3d66-e988-4c88-93f7-bdd82a8521e2,c2,c3,1004,i9,?,
1768488822.734613,RECEIVED,9c92c2d9-a64a-4978-bf65-5fb243cae369,c3,c5,1001,i3,?,
1768488822.744246,SENT,52de3d66-e988-4c88-93f7-bdd82a8521e2,c2,c3,681,?,p3,
1768488822.7442837,FORWARDED,52de3d66-e988-4c88-93f7-bdd82a8521e2,c2,c3,681,?,p3,
1768488822.7638972,SENT,9c92c2d9-a64a-4978-bf65-5fb243cae369,c3,c5,676,?,p2,
1768488822.7639346,FORWARDED,9c92c2d9-a64a-4978-bf65-5fb243cae369,c3,c5,676,?,p2,
1768488822.8681047,RECEIVED,8f23fffd-2e50-45e9-b837-f200edde7c6c,c4,c5,999,i7,?,
1768488822.9258394,SENT,0d1a0f43-18e8-48b7-85f3-59dc5f4448c7,c4,c5,603,?,p2,
1768488822.9258776,FORWARDED,0d1a0f43-18e8-48b7-85f3-59dc5f4448c7,c4,c5,603,?,p2,
1768488822.970942,RECEIVED,cc1dbb05-7e0f-487c-9344-35165e494dfa,c5,c3,907,i10,?,
1768488823.0639448,RECEIVED,3fedd3af-9db8-4d9b-bf8b-3fcc510e3755,c5,c2,903,i6,?,
1768488823.0678046,RECEIVED,b53ccd48-445c-4e56-a5ea-584d2d9ac642,c3,c4,994,i7,?,
1768488823.0927055,RECEIVED,96b11c33-22a0-499d-8cdb-9942827f5061,c3,c1,1004,i9,?,
1768488823.115819,SENT,0644dbf6-c01d-4509-a426-4bd92b5896f4,c2,c4,674,?,p1,
1768488823.1158583,FORWARDED,0644dbf6-c01d-4509-a426-4bd92b5896f4,c2,c4,674,?,p1,
1768488823.1512182,RECEIVED,7607d13c-86e1-49af-bdd8-4668b1398a80,c1,c2,995,i1,?,
1768488823.1772366,RECEIVED,92541fc6-e4ea-4877-a936-ee6968a1bd0a,c2,c5,1000,i11,?,
1768488823.1817782,SENT,8f23fffd-2e50-45e9-b837-f200edde7c6c,c4,c5,677,?,p2,
1768488823.1818173,FORWARDED,8f23fffd-2e50-45e9-b837-f200edde7c6c,c4,c5,677,?,p2,
1768488823.2741797,SENT,b53ccd48-445c-4e56-a5ea-584d2d9ac642,c3,c4,675,?,p1,
1768488823.2742198,FORWARDED,b53ccd48-445c-4e56-a5ea-584d2d9ac642,c3,c4,675,?,p1,
1768488823.3596559,RECEIVED,3d0e8ca2-cea7-45eb-8d09-1d46411a1012,c1,c5,907,i7,?,
1768488823.4200268,RECEIVED,97b3d57a-dd13-4f74-8aee-653c5c4e6df0,c3,c4,997,i11,?,
1768488823.4210172,SENT,e95c9a60-7f7d-47b1-b64e-a4bba8eebe95,c3,c1,675,?,p1,
1768488823.421069,FORWARDED,e95c9a60-7f7d-47b1-b64e-a4bba8eebe95,c3,c1,675,?,p1,
1768488823.4345033,SENT,3fedd3af-9db8-4d9b-bf8b-3fcc510e3755,c5,c2,604,?,p2,
1768488823.43454,FORWARDED,3fedd3af-9db8-4d9b-bf8b-3fcc510e3755,c5,c2,604,?,p2,
1768488823.4714534,SENT,97b3d57a-dd13-4f74-8aee-653c5c4e6df0,c3,c4,675,?,p1,
1768488823.4714906,FORWARDED,97b3d57a-dd13-4f74-8aee-653c5c4e6df0,c3,c4,675,?,p1,
1768488823.501062,SENT,96b11c33-22a0-499d-8cdb-9942827f5061,c3,c1,679,?,p1,
1768488823.5011075,FORWARDED,96b11c33-22a0-499d-8cdb-9942827f5061,c3,c1,679,?,p1,
1768488823.5225055,SENT,92541fc6-e4ea-4877-a936-ee6968a1bd0a,c2,c5,676,?,p2,
1768488823.5225432,FORWARDED,92541fc6-e4ea-4877-a936-ee6968a1bd0a,c2,c5,676,?,p2,
1768488823.6992679,SENT,7607d13c-86e1-49af-bdd8-4668b1398a80,c1,c2,675,?,p2,
1768488823.6993062,FORWARDED,7607d13c-86e1-49af-bdd8-4668b1398a80,c1,c2,675,?,p2,
1768488823.8089623,RECEIVED,9002862e-7c45-4262-9e69-a6d917d4775f,c3,c4,995,i12,?,
1768488824.0142975,RECEIVED,e35fdd52-bcc6-48bd-ac34-6fc7b30b4169,c5,c4,908,i3,?,
1768488824.0469928,SENT,1f951824-b9f1-4a32-9844-c4ace501f78b,c5,c4,676,?,p1,
1768488824.0470319,FORWARDED,1f951824-b9f1-4a32-9844-c4ace501f78b,c5,c4,676,?,p1,
1768488824.0813038,SENT,cc1dbb05-7e0f-487c-9344-35165e494dfa,c5,c3,608,?,p3,
1768488824.081342,FORWARDED,cc1dbb05-7e0f-487c-9344-35165e494dfa,c5,c3,608,?,p3,
1768488824.2539003,RECEIVED,2f596e28-9c93-4a17-a5a1-b720c70481d8,c4,c5,1001,i4,?,
1768488824.2599196,RECEIVED,57f4a13c-5f2c-4a83-8ab3-bbfb7a3e4c82,c5,c3,991,i4,?,
1768488824.2837548,RECEIVED,77cf62f6-e6ed-4470-90d9-3e10386485d8,c1,c3,896,i3,?,
1768488824.3030708,SENT,3d0e8ca2-cea7-45eb-8d09-1d46411a1012,c1,c5,608,?,p2,
1768488824.3031125,FORWARDED,3d0e8ca2-cea7-45eb-8d09-1d46411a1012,c1,c5,608,?,p2,
1768488824.3615837,RECEIVED,22482ee0-1de4-47e3-b5f1-a95e0e8cb802,c5,c2,995,i6,?,
1768488824.3919554,SENT,e35fdd52-bcc6-48bd-ac34-6fc7b30b4169,c5,c4,608,?,p1,
1768488824.3919883,FORWARDED,e35fdd52-bcc6-48bd-ac34-6fc7b30b4169,c5,c4,608,?,p1,
1768488824.4646168,SENT,57f4a13c-5f2c-4a83-8ab3-bbfb7a3e4c82,c5,c3,671,?,p3,
1768488824.4646559,FORWARDED,57f4a13c-5f2c-4a83-8ab3-bbfb7a3e4c82,c5,c3,671,?,p3,
1768488824.5785997,RECEIVED,7d243bcc-d602-42cf-b3e2-f0190ae013f2,c1,c3,899,i3,?,
1768488824.7350771,SENT,77cf62f6-e6ed-4470-90d9-3e10386485d8,c1,c3,600,?,p3,
1768488824.7351186,FORWARDED,77cf62f6-e6ed-4470-90d9-3e10386485d8,c1,c3,600,?,p3,
1768488824.7803993,RECEIVED,4d553a80-c071-45cb-b322-6efa32b178d1,c2,c3,1000,i9,?,
1768488824.7940361,SENT,2f596e28-9c93-4a17-a5a1-b720c70481d8,c4,c5,680,?,p2,
1768488824.7945514,FORWARDED,2f596e28-9c93-4a17-a5a1-b720c70481d8,c4,c5,680,?,p2,
1768488824.8999271,RECEIVED,907edeb6-45d0-436a-9f5a-1eea25ad593b,c3,DROP,599,i5,?,
1768488824.9295108,RECEIVED,02a46f02-8ba0-4ba3-8c2b-6fe4ec699f42,c1,DROP,604,i9,?,
1768488824.9349008,SENT,9002862e-7c45-4262-9e69-a6d917d4775f,c3,c4,675,?,p1,
1768488824.934939,FORWARDED,9002862e-7c45-4262-9e69-a6d917d4775f,c3,c4,675,?,p1,
1768488824.9474142,SENT,907edeb6-45d0-436a-9f5a-1eea25ad593b,c3,DROP,378,?,e4,
1768488824.9474537,FORWARDED,907edeb6-45d0-436a-9f5a-1eea25ad593b,c3,DROP,378,?,e4,
1768488824.9575813,RECEIVED,a623c187-6b90-4bb5-8d51-96794550b7b7,c4,c5,1001,i9,?,
1768488825.0501254,SENT,a623c187-6b90-4bb5-8d51-96794550b7b7,c4,c5,676,?,p2,
1768488825.05016,FORWARDED,a623c187-6b90-4bb5-8d51-96794550b7b7,c4,c5,676,?,p2,
1768488825.110569,RECEIVED,3bec982c-1edf-4ad3-9484-18e65414400b,c1,c2,907,i6,?,
1768488825.1155934,RECEIVED,f19ee801-b1df-4464-9495-ba83e5165425,c5,c4,1003,i3,?,
1768488825.1678867,RECEIVED,2eba4274-2326-4130-840a-8dd60991c0e2,c4,c2,1003,i12,?,
1768488825.2337933,SENT,4d553a80-c071-45cb-b322-6efa32b178d1,c2,c3,677,?,p3,
1768488825.2338598,FORWARDED,4d553a80-c071-45cb-b322-6efa32b178d1,c2,c3,677,?,p3,
1768488825.3348446,SENT,22482ee0-1de4-47e3-b5f1-a95e0e8cb802,c5,c2,674,?,p2,
1768488825.3348844,FORWARDED,22482ee0-1de4-47e3-b5f1-a95e0e8cb802,c5,c2,674,?,p2,
1768488825.4890778,RECEIVED,763c54ee-f00c-43fe-96f9-ffb2ae7d8b33,c1,c5,908,i5,?,
1768488825.518781,SENT,7d243bcc-d602-42cf-b3e2-f0190ae013f2,c1,c3,603,?,p3,
1768488825.5188186,FORWARDED,7d243bcc-d602-42cf-b3e2-f0190ae013f2,c1,c3,603,?,p3,
1768488825.5320227,SENT,02a46f02-8ba0-4ba3-8c2b-6fe4ec699f42,c1,DROP,380,?,i11,
1768488825.5320725,FORWARDED,02a46f02-8ba0-4ba3-8c2b-6fe4ec699f42,c1,DROP,380,?,i11,
1768488825.5721593,RECEIVED,4394db1a-9e35-4c3c-b1fe-df2b84d88e96,c2,c1,999,i1,?,
1768488825.615527,SENT,3bec982c-1edf-4ad3-9484-18e65414400b,c1,c2,608,?,p2,
1768488825.615566,FORWARDED,3bec982c-1edf-4ad3-9484-18e65414400b,c1,c2,608,?,p2,
1768488825.7625558,SENT,f19ee801-b1df-4464-9495-ba83e5165425,c5,c4,679,?,p1,
1768488825.7625947,FORWARDED,f19ee801-b1df-4464-9495-ba83e5165425,c5,c4,679,?,p1,
1768488825.7994163,RECEIVED,35918bef-ce8b-4a49-9ee9-fa2007841cf6,c4,c3,996,i12,?,
1768488825.8006039,RECEIVED,69841045-1299-498c-b762-9cde47a39478,c3,c2,991,i7,?,
1768488825.807515,RECEIVED,fdfcaebd-1dba-4bd9-9e53-a7000c26572b,c5,c3,907,i9,?,
1768488825.8301368,RECEIVED,afbd35a0-3ff0-4eda-a7a3-21384dd9e4c6,c4,c1,904,i10,?,
1768488825.842627,SENT,763c54ee-f00c-43fe-96f9-ffb2ae7d8b33,c1,c5,607,?,p2,
1768488825.8426654,FORWARDED,763c54ee-f00c-43fe-96f9-ffb2ae7d8b33,c1,c5,607,?,p2,
1768488825.8503997,SENT,35918bef-ce8b-4a49-9ee9-fa2007841cf6,c4,c3,675,?,p3,
1768488825.8504348,FORWARDED,35918bef-ce8b-4a49-9ee9-fa2007841cf6,c4,c3,675,?,p3,
1768488825.8634706,SENT,4394db1a-9e35-4c3c-b1fe-df2b84d88e96,c2,c1,676,?,p1,
1768488825.863507,FORWARDED,4394db1a-9e35-4c3c-b1fe-df2b84d88e96,c2,c1,676,?,p1,
1768488825.919338,RECEIVED,60345295-04c2-4c2b-8aa7-0853f0a0af1a,c3,c4,895,i7,?,
1768488825.959425,RECEIVED,20ce17b6-a00e-4f04-94ff-4906b794c140,c4,c5,997,i5,?,
1768488825.9727309,SENT,20ce17b6-a00e-4f04-94ff-4906b794c140,c4,c5,675,?,p2,
1768488825.9728997,FORWARDED,20ce17b6-a00e-4f04-94ff-4906b794c140,c4,c5,675,?,p2,
1768488826.0179644,RECEIVED,e556940f-582d-4993-b77a-f333e71f6b0e,c3,c4,908,i7,?,
1768488826.05073,RECEIVED,00c5d1e9-1eea-4af1-8b85-5f87e8979911,c4,c2,908,i5,?,
1768488826.0636888,RECEIVED,f5445653-f32f-4673-8b22-c22934462a5b,c5,c2,899,i5,?,
1768488826.127956,SENT,e556940f-582d-4993-b77a-f333e71f6b0e,c3,c4,607,?,p1,
1768488826.127997,FORWARDED,e556940f-582d-4993-b77a-f333e71f6b0e,c3,c4,607,?,p1,
1768488826.1462145,RECEIVED,246c4f11-e59a-4082-80de-b790da6b502e,c2,c4,996,i10,?,
1768488826.181713,RECEIVED,7f879d70-69f5-45bc-88f1-9c55ffdb8c37,c5,c1,1005,i5,?,
1768488826.2217124,SENT,2eba4274-2326-4130-840a-8dd60991c0e2,c4,c2,680,?,p2,
1768488826.2217517,FORWARDED,2eba4274-2326-4130-840a-8dd60991c0e2,c4,c2,680,?,p2,
1768488826.226726,SENT,7f879d70-69f5-45bc-88f1-9c55ffdb8c37,c5,c1,679,?,p1,
1768488826.2267637,FORWARDED,7f879d70-69f5-45bc-88f1-9c55ffdb8c37,c5,c1,679,?,p1,
1768488826.2428355,SENT,f5445653-f32f-4673-8b22-c22934462a5b,c5,c2,603,?,p2,
1768488826.2428744,FORWARDED,f5445653-f32f-4673-8b22-c22934462a5b,c5,c2,603,?,p2,
1768488826.2612512,SENT,246c4f11-e59a-4082-80de-b790da6b502e,c2,c4,675,?,p1,
1768488826.261291,FORWARDED,246c4f11-e59a-4082-80de-b790da6b502e,c2,c4,675,?,p1,
1768488826.2919648,SENT,afbd35a0-3ff0-4eda-a7a3-21384dd9e4c6,c4,c1,604,?,p1,
1768488826.2920027,FORWARDED,afbd35a0-3ff0-4eda-a7a3-21384dd9e4c6,c4,c1,604,?,p1,
1768488826.3241613,SENT,00c5d1e9-1eea-4af1-8b85-5f87e8979911,c4,c2,607,?,p2,
1768488826.3241956,FORWARDED,00c5d1e9-1eea-4af1-8b85-5f87e8979911,c4,c2,607,?,p2,
1768488826.406254,RECEIVED,577896de-9424-44e2-8f52-fa8a890a70f6,c1,c2,903,i6,?,
1768488826.4664915,RECEIVED,fbb99306-bc52-4210-9d51-7b931690a033,c3,c5,996,i4,?,
1768488826.5318825,RECEIVED,1c5d109f-70ae-487a-acf3-3fa4dca0cdac,c3,c1,898,i3,?,
1768488826.5412705,SENT,fbb99306-bc52-4210-9d51-7b931690a033,c3,c5,675,?,p2,
1768488826.5413077,FORWARDED,fbb99306-bc52-4210-9d51-7b931690a033,c3,c5,675,?,p2,
1768488826.6590023,SENT,69841045-1299-498c-b762-9cde47a39478,c3,c2,670,?,p2,
1768488826.65906,FORWARDED,69841045-1299-498c-b762-9cde47a39478,c3,c2,670,?,p2,
1768488826.6790257,RECEIVED,e2109e53-577f-4f69-a049-3d9ee28ec160,c4,c2,908,i5,?,
1768488826.703757,SENT,fdfcaebd-1dba-4bd9-9e53-a7000c26572b,c5,c3,608,?,p3,
1768488826.7038918,FORWARDED,fdfcaebd-1dba-4bd9-9e53-a7000c26572b,c5,c3,608,?,p3,
1768488826.7051098,RECEIVED,e916d4d1-ff2e-4ab1-8e08-c01cc47be789,c5,c3,907,i9,?,
1768488826.7176883,SENT,e2109e53-577f-4f69-a049-3d9ee28ec160,c4,c2,608,?,p2,
1768488826.71773,FORWARDED,e2109e53-577f-4f69-a049-3d9ee28ec160,c4,c2,608,?,p2,
1768488826.7428284,SENT,577896de-9424-44e2-8f52-fa8a890a70f6,c1,c2,606,?,p2,
1768488826.7428653,FORWARDED,577896de-9424-44e2-8f52-fa8a890a70f6,c1,c2,606,?,p2,
1768488826.9236732,RECEIVED,90e5fa3c-051c-4bd3-b04b-584b23aa02bf,c5,c4,911,i3,?,
1768488826.9319408,SENT,e916d4d1-ff2e-4ab1-8e08-c01cc47be789,c5,c3,607,?,p3,
1768488826.9319787,FORWARDED,e916d4d1-ff2e-4ab1-8e08-c01cc47be789,c5,c3,607,?,p3,
1768488827.055977,SENT,60345295-04c2-4c2b-8aa7-0853f0a0af1a,c3,c4,599,?,p1,
1768488827.0560133,FORWARDED,60345295-04c2-4c2b-8aa7-0853f0a0af1a,c3,c4,599,?,p1,
1768488827.0731566,SENT,90e5fa3c-051c-4bd3-b04b-584b23aa02bf,c5,c4,612,?,p1,
1768488827.0731914,FORWARDED,90e5fa3c-051c-4bd3-b04b-584b23aa02bf,c5,c4,612,?,p1,
1768488827.2328906,RECEIVED,a034be38-ef7c-48b2-813d-6b939c685992,c1,c5,907,i5,?,
1768488827.2529478,SENT,1c5d109f-70ae-487a-acf3-3fa4dca0cdac,c3,c1,603,?,p1,
1768488827.2529871,FORWARDED,1c5d109f-70ae-487a-acf3-3fa4dca0cdac,c3,c1,603,?,p1,
1768488827.256544,RECEIVED,396b09e1-8d86-4f90-93e3-cd24b6ac37bf,c3,c1,895,i3,?,
1768488827.3044045,SENT,a034be38-ef7c-48b2-813d-6b939c685992,c1,c5,607,?,p2,
1768488827.304443,FORWARDED,a034be38-ef7c-48b2-813d-6b939c685992,c1,c5,607,?,p2,
1768488827.4404416,RECEIVED,01edfd22-5ab7-4a93-b12d-ecf1e80a108c,c3,c5,996,i7,?,
1768488827.571927,RECEIVED,817747a0-9a00-44b6-b756-18f1f9627e29,c2,c4,1003,i6,?,
1768488827.60285,SENT,01edfd22-5ab7-4a93-b12d-ecf1e80a108c,c3,c5,674,?,p2,
1768488827.602883,FORWARDED,01edfd22-5ab7-4a93-b12d-ecf1e80a108c,c3,c5,674,?,p2,
1768488827.931738,SENT,817747a0-9a00-44b6-b756-18f1f9627e29,c2,c4,679,?,p1,
1768488827.9317756,FORWARDED,817747a0-9a00-44b6-b756-18f1f9627e29,c2,c4,679,?,p1,
1768488827.990158,RECEIVED,53e168de-ae58-44bf-a5fb-972ac70b67d9,c4,c2,908,i10,?,
1768488828.1040792,RECEIVED,ce790d3b-dfee-446b-8de7-d1e56c09c4ba,c3,c5,896,i9,?,
1768488828.1212687,SENT,53e168de-ae58-44bf-a5fb-972ac70b67d9,c4,c2,608,?,p2,
1768488828.1215096,FORWARDED,53e168de-ae58-44bf-a5fb-972ac70b67d9,c4,c2,608,?,p2,
1768488828.1519876,RECEIVED,0b58f6d4-fb87-4286-a315-a8cc382f242f,c2,c1,907,i3,?,
1768488828.16347,SENT,ce790d3b-dfee-446b-8de7-d1e56c09c4ba,c3,c5,600,?,p2,
1768488828.1635082,FORWARDED,ce790d3b-dfee-446b-8de7-d1e56c09c4ba,c3,c5,600,?,p2,
1768488828.1939058,SENT,396b09e1-8d86-4f90-93e3-cd24b6ac37bf,c3,c1,599,?,p1,
1768488828.1939428,FORWARDED,396b09e1-8d86-4f90-93e3-cd24b6ac37bf,c3,c1,599,?,p1,
1768488828.260256,SENT,0b58f6d4-fb87-4286-a315-a8cc382f242f,c2,c1,607,?,p1,
1768488828.2602944,FORWARDED,0b58f6d4-fb87-4286-a315-a8cc382f242f,c2,c1,607,?,p1,
1768488828.2930217,RECEIVED,7e8aa6ee-0f81-431e-810d-3735013675c3,c4,c2,907,i11,?,
1768488828.308603,RECEIVED,2c54ba36-f971-44df-8591-fb992be60050,c4,c2,907,i11,?,
1768488828.513621,RECEIVED,43a870e9-d099-4709-8033-f4b87ce02d7c,c2,c1,904,i3,?,
1768488828.5833685,RECEIVED,a34ea9c3-5d0b-43b4-aa41-8a78b1b5132c,c4,c3,997,i5,?,
1768488828.6236217,SENT,a34ea9c3-5d0b-43b4-aa41-8a78b1b5132c,c4,c3,675,?,p3,
1768488828.6236603,FORWARDED,a34ea9c3-5d0b-43b4-aa41-8a78b1b5132c,c4,c3,675,?,p3,
1768488828.6304677,RECEIVED,7f1844e5-888a-483f-a867-4c01de4a379c,c4,c2,907,i10,?,
1768488828.6961734,RECEIVED,4c28bff3-f86c-49e9-97e2-c02c41f87167,c3,c4,1003,i11,?,
1768488828.750108,RECEIVED,060b54ec-daec-42a4-ad7d-c0481fced395,c4,c5,999,i3,?,
1768488828.8873901,SENT,43a870e9-d099-4709-8033-f4b87ce02d7c,c2,c1,606,?,p1,
1768488828.8874295,FORWARDED,43a870e9-d099-4709-8033-f4b87ce02d7c,c2,c1,606,?,p1,
1768488829.0520947,RECEIVED,353f166a-509b-4d48-b6a9-641264e9ebf2,c5,DROP,383,x12,?,
1768488829.1110876,RECEIVED,73389dab-4bb4-4c8d-bb16-9fff574b01da,c3,c5,908,i9,?,
1768488829.1724248,SENT,2c54ba36-f971-44df-8591-fb992be60050,c4,c2,607,?,p2,
1768488829.1724622,FORWARDED,2c54ba36-f971-44df-8591-fb992be60050,c4,c2,607,?,p2,
1768488829.1831615,RECEIVED,f94ef062-e0e0-4c27-9b2a-ab11533fc88a,c3,c2,999,i3,?,
1768488829.1869898,RECEIVED,15826e63-485b-4960-ad0d-9d2b00bf0c06,c2,c1,903,i4,?,
1768488829.38053,SENT,73389dab-4bb4-4c8d-bb16-9fff574b01da,c3,c5,607,?,p2,
1768488829.3805697,FORWARDED,73389dab-4bb4-4c8d-bb16-9fff574b01da,c3,c5,607,?,p2,
1768488829.4162834,RECEIVED,009a639d-21e8-4ed4-91f8-308c58c8644a,c1,c3,908,i10,?,
1768488829.470222,SENT,060b54ec-daec-42a4-ad7d-c0481fced395,c4,c5,677,?,p2,
1768488829.4702625,FORWARDED,060b54ec-daec-42a4-ad7d-c0481fced395,c4,c5,677,?,p2,
1768488829.5262423,SENT,4c28bff3-f86c-49e9-97e2-c02c41f87167,c3,c4,680,?,p1,
1768488829.5262804,FORWARDED,4c28bff3-f86c-49e9-97e2-c02c41f87167,c3,c4,680,?,p1,
1768488829.5821033,RECEIVED,d540b930-6366-4815-8b85-60cbc6f50dc7,c4,c3,899,i3,?,
1768488829.609133,SENT,7f1844e5-888a-483f-a867-4c01de4a379c,c4,c2,608,?,p2,
1768488829.6091702,FORWARDED,7f1844e5-888a-483f-a867-4c01de4a379c,c4,c2,608,?,p2,
1768488829.6250799,SENT,15826e63-485b-4960-ad0d-9d2b00bf0c06,c2,c1,606,?,p1,
1768488829.6251187,FORWARDED,15826e63-485b-4960-ad0d-9d2b00bf0c06,c2,c1,606,?,p1,
1768488829.7360413,RECEIVED,2990e0ab-ce70-41b9-ae2e-84614ef05f48,c1,c5,908,i12,?,
1768488829.7452478,SENT,009a639d-21e8-4ed4-91f8-308c58c8644a,c1,c3,608,?,p3,
1768488829.745288,FORWARDED,009a639d-21e8-4ed4-91f8-308c58c8644a,c1,c3,608,?,p3,
1768488829.7575417,SENT,7e8aa6ee-0f81-431e-810d-3735013675c3,c4,c2,607,?,p2,
1768488829.7575812,FORWARDED,7e8aa6ee-0f81-431e-810d-3735013675c3,c4,c2,607,?,p2,
1768488829.8202844,RECEIVED,09022992-c203-419b-9e76-0ee015477a69,c2,c5,906,i5,?,
1768488829.888171,RECEIVED,5191d75b-fc04-4839-9e3b-5228cf406ab6,c3,c5,1002,i11,?,
1768488829.9109473,SENT,2990e0ab-ce70-41b9-ae2e-84614ef05f48,c1,c5,607,?,p2,
1768488829.9109883,FORWARDED,2990e0ab-ce70-41b9-ae2e-84614ef05f48,c1,c5,607,?,p2,
1768488829.9347868,RECEIVED,bdd47721-ad41-4aff-a704-fd5088262644,c3,c4,995,i3,?,
1768488829.9745305,RECEIVED,23049755-452b-42e8-a1d9-bd73122d497d,c1,c3,907,i10,?,
1768488830.1841855,SENT,f94ef062-e0e0-4c27-9b2a-ab11533fc88a,c3,c2,676,?,p2,
1768488830.1842253,FORWARDED,f94ef062-e0e0-4c27-9b2a-ab11533fc88a,c3,c2,676,?,p2,
1768488830.3543015,SENT,d540b930-6366-4815-8b85-60cbc6f50dc7,c4,c3,603,?,p3,
1768488830.3543408,FORWARDED,d540b930-6366-4815-8b85-60cbc6f50dc7,c4,c3,603,?,p3,
1768488830.5637984,RECEIVED,ab962d0d-a275-4356-81db-faccfc332225,c5,c4,1004,i3,?,
1768488830.5693839,SENT,bdd47721-ad41-4aff-a704-fd5088262644,c3,c4,675,?,p1,
1768488830.5694237,FORWARDED,bdd47721-ad41-4aff-a704-fd5088262644,c3,c4,675,?,p1,
1768488830.5742016,SENT,23049755-452b-42e8-a1d9-bd73122d497d,c1,c3,607,?,p3,
1768488830.5742347,FORWARDED,23049755-452b-42e8-a1d9-bd73122d497d,c1,c3,607,?,p3,
1768488830.6085396,RECEIVED,286a402f-8f57-4fb4-b8bd-c5c44e2e8d68,c4,c3,900,i3,?,
1768488830.7368808,SENT,ab962d0d-a275-4356-81db-faccfc332225,c5,c4,680,?,p1,
1768488830.7369184,FORWARDED,ab962d0d-a275-4356-81db-faccfc332225,c5,c4,680,?,p1,
1768488830.827439,RECEIVED,157304f8-7cba-4687-ac76-f555fc853ccf,c1,c5,906,i12,?,
1768488830.8678107,SENT,5191d75b-fc04-4839-9e3b-5228cf406ab6,c3,c5,681,?,p2,
1768488830.8678513,FORWARDED,5191d75b-fc04-4839-9e3b-5228cf406ab6,c3,c5,681,?,p2,
1768488830.8797762,SENT,286a402f-8f57-4fb4-b8bd-c5c44e2e8d68,c4,c3,603,?,p3,
1768488830.8798141,FORWARDED,286a402f-8f57-4fb4-b8bd-c5c44e2e8d68,c4,c3,603,?,p3,
1768488831.3204749,SENT,157304f8-7cba-4687-ac76-f555fc853ccf,c1,c5,607,?,p2,
1768488831.3205087,FORWARDED,157304f8-7cba-4687-ac76-f555fc853ccf,c1,c5,607,?,p2,
1768488831.6454568,RECEIVED,d9a5d0b0-ba59-4835-9bbe-4fdaefd755b1,c2,c1,908,i4,?,
1768488831.8994281,SENT,d9a5d0b0-ba59-4835-9bbe-4fdaefd755b1,c2,c1,609,?,p1,
1768488831.8994658,FORWARDED,d9a5d0b0-ba59-4835-9bbe-4fdaefd755b1,c2,c1,609,?,p1,
1768488831.9142797,SENT,09022992-c203-419b-9e76-0ee015477a69,c2,c5,607,?,p2,
1768488831.9147513,FORWARDED,09022992-c203-419b-9e76-0ee015477a69,c2,c5,607,?,p2,
1768488832.2373204,RECEIVED,b7a56723-d4f1-471c-b838-cccdd10b974c,c5,c4,907,i6,?,
1768488832.3606498,RECEIVED,8a2c2f64-3e59-4746-af33-1ba4c56a8191,c5,c4,907,i6,?,
1768488832.5520043,RECEIVED,41660b9d-c7b2-4926-967e-b4e102345127,c2,c5,908,i10,?,
1768488832.5810354,RECEIVED,20e70381-fd18-489b-8d74-167040238d42,c1,c3,1005,i4,?,
1768488832.642421,SENT,41660b9d-c7b2-4926-967e-b4e102345127,c2,c5,607,?,p2,
1768488832.6424582,FORWARDED,41660b9d-c7b2-4926-967e-b4e102345127,c2,c5,607,?,p2,
1768488832.6464925,SENT,20e70381-fd18-489b-8d74-167040238d42,c1,c3,680,?,p3,
1768488832.6465297,FORWARDED,20e70381-fd18-489b-8d74-167040238d42,c1,c3,680,?,p3,
1768488832.691876,RECEIVED,8fcdb05a-0f34-4698-8778-77d795aab923,c3,c1,991,i9,?,
1768488832.8028538,RECEIVED,96b3c036-2521-4a48-8c86-9a28dd6aac1b,c4,c1,991,i4,?,
1768488832.892867,RECEIVED,1aaa5e7e-4d8f-4bb7-80b8-da69ab248702,c4,c3,993,i4,?,
1768488832.9558609,SENT,1aaa5e7e-4d8f-4bb7-80b8-da69ab248702,c4,c3,673,?,p3,
1768488832.9558988,FORWARDED,1aaa5e7e-4d8f-4bb7-80b8-da69ab248702,c4,c3,673,?,p3,
1768488833.0077705,SENT,96b3c036-2521-4a48-8c86-9a28dd6aac1b,c4,c1,672,?,p1,
1768488833.0078182,FORWARDED,96b3c036-2521-4a48-8c86-9a28dd6aac1b,c4,c1,672,?,p1,
1768488833.0241315,RECEIVED,7490a6ec-172e-4f86-9136-884951c76e99,c2,c1,908,i10,?,
1768488833.0482173,SENT,b7a56723-d4f1-471c-b838-cccdd10b974c,c5,c4,608,?,p1,
1768488833.048255,FORWARDED,b7a56723-d4f1-471c-b838-cccdd10b974c,c5,c4,608,?,p1,
1768488833.1056998,SENT,8fcdb05a-0f34-4698-8778-77d795aab923,c3,c1,672,?,p1,
1768488833.105733,FORWARDED,8fcdb05a-0f34-4698-8778-77d795aab923,c3,c1,672,?,p1,
1768488833.1536582,SENT,8a2c2f64-3e59-4746-af33-1ba4c56a8191,c5,c4,607,?,p1,
1768488833.1536965,FORWARDED,8a2c2f64-3e59-4746-af33-1ba4c56a8191,c5,c4,607,?,p1,
1768488833.2646303,SENT,7490a6ec-172e-4f86-9136-884951c76e99,c2,c1,607,?,p1,
1768488833.2646656,FORWARDED,7490a6ec-172e-4f86-9136-884951c76e99,c2,c1,607,?,p1,
1768488833.6677206,RECEIVED,cab36f36-47d1-455a-bb57-2bc694c48e0f,c2,c5,1003,i3,?,
1768488833.678327,RECEIVED,e2433eb9-c8dc-4cd6-9629-c1ef2b68967a,c1,c2,907,i6,?,
1768488833.8343916,RECEIVED,8d5dbafd-2ad6-46e8-82b7-4d64b97cc608,c1,c2,907,i6,?,
1768488833.8876762,RECEIVED,f479c2da-3834-4c74-bc4a-c588eedac175,c3,c5,995,i11,?,
1768488833.9078135,RECEIVED,27c6bb04-dd8a-4e3b-9ea8-ac3b326585c9,c3,c4,1004,i3,?,
1768488833.947686,RECEIVED,70c91511-7464-4630-a539-f0932aae7ed7,c5,c4,999,i4,?,
1768488834.1796067,SENT,27c6bb04-dd8a-4e3b-9ea8-ac3b326585c9,c3,c4,680,?,p1,
1768488834.1796448,FORWARDED,27c6bb04-dd8a-4e3b-9ea8-ac3b326585c9,c3,c4,680,?,p1,
1768488834.1825085,SENT,cab36f36-47d1-455a-bb57-2bc694c48e0f,c2,c5,681,?,p2,
1768488834.1825466,FORWARDED,cab36f36-47d1-455a-bb57-2bc694c48e0f,c2,c5,681,?,p2,
1768488834.366021,RECEIVED,e137746a-7dcc-41e6-b6f3-ac71f88c4893,c2,c1,907,i10,?,
1768488834.3928742,SENT,70c91511-7464-4630-a539-f0932aae7ed7,c5,c4,678,?,p1,
1768488834.3929155,FORWARDED,70c91511-7464-4630-a539-f0932aae7ed7,c5,c4,678,?,p1,
1768488834.4286962,SENT,f479c2da-3834-4c74-bc4a-c588eedac175,c3,c5,675,?,p2,
1768488834.4287357,FORWARDED,f479c2da-3834-4c74-bc4a-c588eedac175,c3,c5,675,?,p2,
1768488834.4421766,RECEIVED,6f341e83-03e6-475a-8812-8ef2674f0d19,c5,c4,991,i3,?,
1768488834.448785,SENT,e2433eb9-c8dc-4cd6-9629-c1ef2b68967a,c1,c2,608,?,p2,
1768488834.448821,FORWARDED,e2433eb9-c8dc-4cd6-9629-c1ef2b68967a,c1,c2,608,?,p2,
1768488834.4742353,RECEIVED,b84aca23-4163-4cb5-9bf2-9ca79352766b,c1,c2,1002,i3,?,
1768488834.5819876,RECEIVED,876636de-dacb-418d-976d-a1c5272882da,c5,c1,903,i6,?,
1768488834.621498,RECEIVED,55ace250-41ab-4766-9b1d-eb2a802b0d6a,c3,c1,999,i10,?,
1768488834.7413387,SENT,876636de-dacb-418d-976d-a1c5272882da,c5,c1,606,?,p1,
1768488834.7413769,FORWARDED,876636de-dacb-418d-976d-a1c5272882da,c5,c1,606,?,p1,
1768488834.7863197,RECEIVED,e98f1845-efea-49ed-986e-78df1e1d24ba,c3,c4,1003,i6,?,
1768488834.8049357,SENT,6f341e83-03e6-475a-8812-8ef2674f0d19,c5,c4,671,?,p1,
1768488834.8049722,FORWARDED,6f341e83-03e6-475a-8812-8ef2674f0d19,c5,c4,671,?,p1,
1768488834.8319528,SENT,8d5dbafd-2ad6-46e8-82b7-4d64b97cc608,c1,c2,608,?,p2,
1768488834.8319926,FORWARDED,8d5dbafd-2ad6-46e8-82b7-4d64b97cc608,c1,c2,608,?,p2,
1768488835.1793294,SENT,e137746a-7dcc-41e6-b6f3-ac71f88c4893,c2,c1,608,?,p1,
1768488835.179373,FORWARDED,e137746a-7dcc-41e6-b6f3-ac71f88c4893,c2,c1,608,?,p1,
1768488835.2783566,RECEIVED,1e0cbd52-2804-4ebc-a299-10c3f56b22d9,c4,c2,911,i11,?,
1768488835.2829297,RECEIVED,bba88634-0a2b-4ae7-a368-8996184a867d,c4,c2,1004,i11,?,
1768488835.4475925,SENT,b84aca23-4163-4cb5-9bf2-9ca79352766b,c1,c2,680,?,p2,
1768488835.4476259,FORWARDED,b84aca23-4163-4cb5-9bf2-9ca79352766b,c1,c2,680,?,p2,
1768488835.5788507,RECEIVED,0fa8c9cf-9ded-4d39-99f7-90e3a4e4caff,c2,c1,1001,i6,?,
1768488835.628416,SENT,0fa8c9cf-9ded-4d39-99f7-90e3a4e4caff,c2,c1,676,?,p1,
1768488835.6284566,FORWARDED,0fa8c9cf-9ded-4d39-99f7-90e3a4e4caff,c2,c1,676,?,p1,
1768488835.6326656,SENT,e98f1845-efea-49ed-986e-78df1e1d24ba,c3,c4,680,?,p1,
1768488835.6327007,FORWARDED,e98f1845-efea-49ed-986e-78df1e1d24ba,c3,c4,680,?,p1,
1768488835.6457458,SENT,bba88634-0a2b-4ae7-a368-8996184a867d,c4,c2,680,?,p2,
1768488835.6457777,FORWARDED,bba88634-0a2b-4ae7-a368-8996184a867d,c4,c2,680,?,p2,
1768488835.6681044,RECEIVED,3ae03b3d-7885-4206-9f7b-33f39938eb98,c3,c2,995,i1,?,
1768488835.6844494,RECEIVED,603b0a61-d28c-4453-b3ca-2e2cc428f570,c3,DROP,607,i10,?,
1768488835.7314637,RECEIVED,86851448-ffcb-424c-892e-927de440a77b,c1,c2,999,i10,?,
1768488835.7966611,SENT,55ace250-41ab-4766-9b1d-eb2a802b0d6a,c3,c1,676,?,p1,
1768488835.7967002,FORWARDED,55ace250-41ab-4766-9b1d-eb2a802b0d6a,c3,c1,676,?,p1,
1768488835.8583815,RECEIVED,38cee551-bea8-44ae-8c84-c7e8091514c9,c2,c4,996,i10,?,
1768488835.9103057,RECEIVED,d271a5ec-2f12-448a-833c-fa93e8c51d9d,c1,c5,996,i11,?,
1768488835.9115577,RECEIVED,26601823-4539-4352-9e9a-0ed0ed9df238,c3,c4,908,i3,?,
1768488835.9373345,RECEIVED,4ad3ad0c-db1c-4209-a5b6-08b224e0d58a,c2,c1,1000,i6,?,
1768488835.999997,SENT,26601823-4539-4352-9e9a-0ed0ed9df238,c3,c4,607,?,p1,
1768488836.000035,FORWARDED,26601823-4539-4352-9e9a-0ed0ed9df238,c3,c4,607,?,p1,
1768488836.003497,RECEIVED,569aadb2-1f36-492d-ad03-4380591dcd0d,c5,c4,999,i5,?,
1768488836.0538678,SENT,38cee551-bea8-44ae-8c84-c7e8091514c9,c2,c4,675,?,p1,
1768488836.0539045,FORWARDED,38cee551-bea8-44ae-8c84-c7e8091514c9,c2,c4,675,?,p1,
1768488836.1393673,SENT,86851448-ffcb-424c-892e-927de440a77b,c1,c2,676,?,p2,
1768488836.1394045,FORWARDED,86851448-ffcb-424c-892e-927de440a77b,c1,c2,676,?,p2,
1768488836.2649767,RECEIVED,e7c9c93d-5fdd-4ba2-a1b9-7545e713bb2b,c2,c4,899,i3,?,
1768488836.2679296,SENT,4ad3ad0c-db1c-4209-a5b6-08b224e0d58a,c2,c1,676,?,p1,
1768488836.267967,FORWARDED,4ad3ad0c-db1c-4209-a5b6-08b224e0d58a,c2,c1,676,?,p1,
1768488836.3449125,RECEIVED,129ddd55-7e35-4778-8941-e94a846f8865,c1,c3,900,i6,?,
1768488836.349821,RECEIVED,89b4d88e-ba60-4071-a9a1-770641f95202,c2,c1,992,i12,?,
1768488836.368661,SENT,d271a5ec-2f12-448a-833c-fa93e8c51d9d,c1,c5,675,?,p2,
1768488836.3687003,FORWARDED,d271a5ec-2f12-448a-833c-fa93e8c51d9d,c1,c5,675,?,p2,
1768488836.4238353,SENT,3ae03b3d-7885-4206-9f7b-33f39938eb98,c3,c2,675,?,p2,
1768488836.4238715,FORWARDED,3ae03b3d-7885-4206-9f7b-33f39938eb98,c3,c2,675,?,p2,
1768488836.5396905,RECEIVED,9fca30e6-5355-47d2-b5f0-76f72273b8c2,c4,c2,902,i11,?,
1768488836.5967872,SENT,129ddd55-7e35-4778-8941-e94a846f8865,c1,c3,603,?,p3,
1768488836.5968256,FORWARDED,129ddd55-7e35-4778-8941-e94a846f8865,c1,c3,603,?,p3,
1768488836.6381624,RECEIVED,6409ca15-d63e-4f1f-a2c4-df215fb1802a,c3,c1,903,i9,?,
1768488836.6663501,RECEIVED,e047f9a5-341a-4abf-bc2a-4ddce5981a17,c2,DROP,600,i3,?,
1768488836.7073047,SENT,569aadb2-1f36-492d-ad03-4380591dcd0d,c5,c4,676,?,p1,
1768488836.7073433,FORWARDED,569aadb2-1f36-492d-ad03-4380591dcd0d,c5,c4,676,?,p1,
1768488836.712148,SENT,89b4d88e-ba60-4071-a9a1-770641f95202,c2,c1,671,?,p1,
1768488836.712186,FORWARDED,89b4d88e-ba60-4071-a9a1-770641f95202,c2,c1,671,?,p1,
1768488836.7417955,SENT,e047f9a5-341a-4abf-bc2a-4ddce5981a17,c2,DROP,378,?,x2,
1768488836.741831,FORWARDED,e047f9a5-341a-4abf-bc2a-4ddce5981a17,c2,DROP,378,?,x2,
1768488836.7500603,RECEIVED,7440d86b-90f2-4908-8323-db9719e7a105,c1,c2,1003,i5,?,
1768488836.8111835,RECEIVED,8ff73b70-9a72-4879-830d-aedee9d594b6,c2,c4,899,i3,?,
1768488836.845007,RECEIVED,90a3f931-dce3-4c00-ba4f-04abf226f05d,c2,c4,1000,i4,?,
1768488836.8689167,RECEIVED,46904799-c548-4454-add3-db998285950d,c2,c5,996,i11,?,
1768488836.8722522,SENT,6409ca15-d63e-4f1f-a2c4-df215fb1802a,c3,c1,604,?,p1,
1768488836.8722908,FORWARDED,6409ca15-d63e-4f1f-a2c4-df215fb1802a,c3,c1,604,?,p1,
1768488836.8730154,RECEIVED,f50430fc-6330-4ef4-b9c2-7703636d3146,c5,c2,907,i6,?,
1768488836.8846037,SENT,7440d86b-90f2-4908-8323-db9719e7a105,c1,c2,679,?,p2,
1768488836.8846443,FORWARDED,7440d86b-90f2-4908-8323-db9719e7a105,c1,c2,679,?,p2,
1768488836.9118428,SENT,1e0cbd52-2804-4ebc-a299-10c3f56b22d9,c4,c2,611,?,p2,
1768488836.9118817,FORWARDED,1e0cbd52-2804-4ebc-a299-10c3f56b22d9,c4,c2,611,?,p2,
1768488836.9506817,RECEIVED,4959410c-ba32-4d76-b66d-b32d65cb233f,c2,c3,1000,i3,?,
1768488836.9541104,RECEIVED,fbc64303-6f25-4176-8dcc-1c1cadbb0381,c2,c4,992,i3,?,
1768488836.9622653,SENT,90a3f931-dce3-4c00-ba4f-04abf226f05d,c2,c4,676,?,p1,
1768488836.9623027,FORWARDED,90a3f931-dce3-4c00-ba4f-04abf226f05d,c2,c4,676,?,p1,
1768488836.9657345,RECEIVED,a1acf93d-738c-42db-827f-f3a53e4a2115,c4,c5,903,i3,?,
1768488836.971814,SENT,603b0a61-d28c-4453-b3ca-2e2cc428f570,c3,DROP,382,?,x10,
1768488836.9718537,FORWARDED,603b0a61-d28c-4453-b3ca-2e2cc428f570,c3,DROP,382,?,x10,
1768488837.0330288,SENT,8ff73b70-9a72-4879-830d-aedee9d594b6,c2,c4,603,?,p1,
1768488837.0330787,FORWARDED,8ff73b70-9a72-4879-830d-aedee9d594b6,c2,c4,603,?,p1,
1768488837.0903604,SENT,f50430fc-6330-4ef4-b9c2-7703636d3146,c5,c2,608,?,p2,
1768488837.0903993,FORWARDED,f50430fc-6330-4ef4-b9c2-7703636d3146,c5,c2,608,?,p2,
1768488837.1168704,RECEIVED,c67304d9-0b20-4327-8588-5afa9af2ae57,c1,c3,903,i6,?,
1768488837.1489246,RECEIVED,4b3da377-7cdc-492d-9615-8384f6a1d7ad,c2,c4,987,i6,?,
1768488837.1698015,SENT,4959410c-ba32-4d76-b66d-b32d65cb233f,c2,c3,676,?,p3,
1768488837.1698413,FORWARDED,4959410c-ba32-4d76-b66d-b32d65cb233f,c2,c3,676,?,p3,
1768488837.1801443,RECEIVED,c8de51da-f941-45b8-87b8-38a447f79d48,c2,c3,991,i4,?,
1768488837.296929,SENT,fbc64303-6f25-4176-8dcc-1c1cadbb0381,c2,c4,671,?,p1,
1768488837.2969658,FORWARDED,fbc64303-6f25-4176-8dcc-1c1cadbb0381,c2,c4,671,?,p1,
1768488837.3645353,SENT,46904799-c548-4454-add3-db998285950d,c2,c5,674,?,p2,
1768488837.364571,FORWARDED,46904799-c548-4454-add3-db998285950d,c2,c5,674,?,p2,
1768488837.3955667,SENT,a1acf93d-738c-42db-827f-f3a53e4a2115,c4,c5,604,?,p2,
1768488837.3956056,FORWARDED,a1acf93d-738c-42db-827f-f3a53e4a2115,c4,c5,604,?,p2,
1768488837.4152906,SENT,4b3da377-7cdc-492d-9615-8384f6a1d7ad,c2,c4,669,?,p1,
1768488837.415326,FORWARDED,4b3da377-7cdc-492d-9615-8384f6a1d7ad,c2,c4,669,?,p1,
1768488837.4616103,SENT,9fca30e6-5355-47d2-b5f0-76f72273b8c2,c4,c2,606,?,p2,
1768488837.4616475,FORWARDED,9fca30e6-5355-47d2-b5f0-76f72273b8c2,c4,c2,606,?,p2,
1768488837.5232186,RECEIVED,36e1d0ee-c35e-4b3d-8fbf-95d3a1f1cd45,c4,c5,907,i3,?,
1768488837.6400437,SENT,e7c9c93d-5fdd-4ba2-a1b9-7545e713bb2b,c2,c4,603,?,p1,
1768488837.6401043,FORWARDED,e7c9c93d-5fdd-4ba2-a1b9-7545e713bb2b,c2,c4,603,?,p1,
1768488837.7429233,RECEIVED,83ff4b96-75ad-4781-9e75-1377535f1cf3,c5,c4,1003,i5,?,
1768488837.76108,SENT,c67304d9-0b20-4327-8588-5afa9af2ae57,c1,c3,605,?,p3,
1768488837.7611184,FORWARDED,c67304d9-0b20-4327-8588-5afa9af2ae57,c1,c3,605,?,p3,
1768488837.7796812,RECEIVED,d27ff557-9683-4583-ba2b-083bbe8468a3,c5,c1,907,i6,?,
1768488837.8777452,RECEIVED,595eefb7-f068-4f01-9420-725314973253,c5,c1,906,i9,?,
1768488837.8890169,SENT,83ff4b96-75ad-4781-9e75-1377535f1cf3,c5,c4,679,?,p1,
1768488837.889067,FORWARDED,83ff4b96-75ad-4781-9e75-1377535f1cf3,c5,c4,679,?,p1,
1768488837.9568172,RECEIVED,74bc5872-bbd9-44d7-afd3-a0be3ee44e43,c2,c1,1000,i3,?,
1768488838.0081606,SENT,c8de51da-f941-45b8-87b8-38a447f79d48,c2,c3,672,?,p3,
1768488838.0081992,FORWARDED,c8de51da-f941-45b8-87b8-38a447f79d48,c2,c3,672,?,p3,
1768488838.0297275,RECEIVED,b4909609-69a6-48ec-b7b5-08c13f426e7c,c1,c4,991,i9,?,
1768488838.0406096,RECEIVED,b8a52903-fc8d-4409-a1b7-e8a6bc3214aa,c2,c5,907,i1,?,
1768488838.0431173,RECEIVED,b1d4f788-fd58-4762-9584-244b89761972,c2,c1,1000,i12,?,
1768488838.0434675,RECEIVED,32b8926c-79f5-4985-9d24-084612096dc1,c5,c4,907,i11,?,
1768488838.198454,SENT,b1d4f788-fd58-4762-9584-244b89761972,c2,c1,676,?,p1,
1768488838.1984916,FORWARDED,b1d4f788-fd58-4762-9584-244b89761972,c2,c1,676,?,p1,
1768488838.2107117,RECEIVED,322e518e-d03e-4559-b816-cd12a74ef4a4,c3,c1,899,i9,?,
1768488838.2525902,SENT,74bc5872-bbd9-44d7-afd3-a0be3ee44e43,c2,c1,676,?,p1,
1768488838.2526274,FORWARDED,74bc5872-bbd9-44d7-afd3-a0be3ee44e43,c2,c1,676,?,p1,
1768488838.359757,SENT,b4909609-69a6-48ec-b7b5-08c13f426e7c,c1,c4,671,?,p1,
1768488838.3597963,FORWARDED,b4909609-69a6-48ec-b7b5-08c13f426e7c,c1,c4,671,?,p1,
1768488838.3916883,RECEIVED,10a93ebd-9a60-4b66-ab4e-6dce2f6b5945,c2,c1,899,i9,?,
1768488838.4042664,RECEIVED,c7a9f436-2671-486d-9a46-3e6169776bf6,c5,c4,908,i11,?,
1768488838.42516,RECEIVED,b5ff30e6-cd2a-432b-9cbb-b24287305ef3,c4,c2,1000,i1,?,
1768488838.43648,RECEIVED,0664a19a-f42b-4796-870c-1bb21fafd58f,c4,c2,1000,i6,?,
1768488838.4697554,SENT,c7a9f436-2671-486d-9a46-3e6169776bf6,c5,c4,608,?,p1,
1768488838.4697936,FORWARDED,c7a9f436-2671-486d-9a46-3e6169776bf6,c5,c4,608,?,p1,
1768488838.518828,RECEIVED,cf03548d-9b4f-4b62-ba30-22f2ce02e46f,c5,c1,907,i9,?,
1768488838.6067133,SENT,595eefb7-f068-4f01-9420-725314973253,c5,c1,607,?,p1,
1768488838.6067502,FORWARDED,595eefb7-f068-4f01-9420-725314973253,c5,c1,607,?,p1,
1768488838.6296642,RECEIVED,a9bb396d-0b09-4172-b0df-20ed6d394445,c3,c4,899,i3,?,
1768488838.6639996,SENT,b5ff30e6-cd2a-432b-9cbb-b24287305ef3,c4,c2,678,?,p2,
1768488838.6640365,FORWARDED,b5ff30e6-cd2a-432b-9cbb-b24287305ef3,c4,c2,678,?,p2,
1768488838.6940277,RECEIVED,6485a147-ce51-4893-8d3c-86dab0703eba,c2,c1,910,i9,?,
1768488838.7039216,SENT,6485a147-ce51-4893-8d3c-86dab0703eba,c2,c1,609,?,p1,
1768488838.7039554,FORWARDED,6485a147-ce51-4893-8d3c-86dab0703eba,c2,c1,609,?,p1,
1768488838.7099922,SENT,b8a52903-fc8d-4409-a1b7-e8a6bc3214aa,c2,c5,608,?,p2,
1768488838.7100303,FORWARDED,b8a52903-fc8d-4409-a1b7-e8a6bc3214aa,c2,c5,608,?,p2,
1768488838.7345743,RECEIVED,903134a0-aa1c-41ab-acf3-f8a1664e5cdc,c1,c4,996,i3,?,
1768488838.8146763,SENT,0664a19a-f42b-4796-870c-1bb21fafd58f,c4,c2,676,?,p2,
1768488838.8147151,FORWARDED,0664a19a-f42b-4796-870c-1bb21fafd58f,c4,c2,676,?,p2,
1768488838.826816,SENT,cf03548d-9b4f-4b62-ba30-22f2ce02e46f,c5,c1,608,?,p1,
1768488838.8268557,FORWARDED,cf03548d-9b4f-4b62-ba30-22f2ce02e46f,c5,c1,608,?,p1,
1768488838.87984,SENT,32b8926c-79f5-4985-9d24-084612096dc1,c5,c4,607,?,p1,
1768488838.8798783,FORWARDED,32b8926c-79f5-4985-9d24-084612096dc1,c5,c4,607,?,p1,
1768488838.9478867,SENT,a9bb396d-0b09-4172-b0df-20ed6d394445,c3,c4,603,?,p1,
1768488838.947924,FORWARDED,a9bb396d-0b09-4172-b0df-20ed6d394445,c3,c4,603,?,p1,
1768488838.963754,RECEIVED,68814b48-18b3-4aca-9d82-bb53b3ade301,c4,c2,1003,i10,?,
1768488838.9745283,RECEIVED,48338e3f-e982-4eeb-923b-4705dcb412ea,c2,c1,908,i9,?,
1768488838.9866352,SENT,322e518e-d03e-4559-b816-cd12a74ef4a4,c3,c1,602,?,p1,
1768488838.986676,FORWARDED,322e518e-d03e-4559-b816-cd12a74ef4a4,c3,c1,602,?,p1,
1768488839.0058672,SENT,10a93ebd-9a60-4b66-ab4e-6dce2f6b5945,c2,c1,603,?,p1,
1768488839.005907,FORWARDED,10a93ebd-9a60-4b66-ab4e-6dce2f6b5945,c2,c1,603,?,p1,
1768488839.027642,SENT,36e1d0ee-c35e-4b3d-8fbf-95d3a1f1cd45,c4,c5,607,?,p2,
1768488839.0276759,FORWARDED,36e1d0ee-c35e-4b3d-8fbf-95d3a1f1cd45,c4,c5,607,?,p2,
1768488839.0725698,SENT,903134a0-aa1c-41ab-acf3-f8a1664e5cdc,c1,c4,673,?,p1,
1768488839.0726109,FORWARDED,903134a0-aa1c-41ab-acf3-f8a1664e5cdc,c1,c4,673,?,p1,
1768488839.1112623,SENT,48338e3f-e982-4eeb-923b-4705dcb412ea,c2,c1,607,?,p1,
1768488839.1113029,FORWARDED,48338e3f-e982-4eeb-923b-4705dcb412ea,c2,c1,607,?,p1,
1768488839.1797676,SENT,d27ff557-9683-4583-ba2b-083bbe8468a3,c5,c1,607,?,p1,
1768488839.1798053,FORWARDED,d27ff557-9683-4583-ba2b-083bbe8468a3,c5,c1,607,?,p1,
1768488839.226139,RECEIVED,08f7e33b-77ef-46f6-9bfd-1bfa2d5f6bb1,c3,c4,1005,i4,?,
1768488839.2830215,SENT,08f7e33b-77ef-46f6-9bfd-1bfa2d5f6bb1,c3,c4,679,?,p1,
1768488839.28309,FORWARDED,08f7e33b-77ef-46f6-9bfd-1bfa2d5f6bb1,c3,c4,679,?,p1,
1768488839.3065772,RECEIVED,1ab5fcf5-78de-4fdf-93eb-d4ea775f2436,c4,c2,995,i3,?,
1768488839.316809,RECEIVED,3ab5eda9-d2b1-473b-bfd1-ee87e922251f,c1,c3,995,i9,?,
1768488839.429184,SENT,3ab5eda9-d2b1-473b-bfd1-ee87e922251f,c1,c3,675,?,p3,
1768488839.4292243,FORWARDED,3ab5eda9-d2b1-473b-bfd1-ee87e922251f,c1,c3,675,?,p3,
1768488839.4921625,RECEIVED,a800122e-fcd2-41d3-bba2-45cd805813f7,c4,c3,907,i12,?,
1768488839.4951334,RECEIVED,f239dde8-74bf-4398-bcbe-4175643a239f,c4,c3,912,i12,?,
1768488839.5454354,RECEIVED,89209d22-e911-4874-9faf-c918cd37331c,c1,c3,1003,i5,?,
1768488839.5683324,SENT,68814b48-18b3-4aca-9d82-bb53b3ade301,c4,c2,680,?,p2,
1768488839.5683713,FORWARDED,68814b48-18b3-4aca-9d82-bb53b3ade301,c4,c2,680,?,p2,
1768488839.6152654,RECEIVED,e7ee3da8-2a7f-4814-8814-640950badaca,c5,c3,1007,i5,?,
1768488839.7122266,SENT,f239dde8-74bf-4398-bcbe-4175643a239f,c4,c3,611,?,p3,
1768488839.7122636,FORWARDED,f239dde8-74bf-4398-bcbe-4175643a239f,c4,c3,611,?,p3,
1768488839.7454185,RECEIVED,8364d115-2f6c-4956-b094-2f2b991e7d4e,c2,c4,994,i7,?,
1768488839.8157423,SENT,e7ee3da8-2a7f-4814-8814-640950badaca,c5,c3,682,?,p3,
1768488839.81578,FORWARDED,e7ee3da8-2a7f-4814-8814-640950badaca,c5,c3,682,?,p3,
1768488839.9834375,SENT,1ab5fcf5-78de-4fdf-93eb-d4ea775f2436,c4,c2,674,?,p2,
1768488839.9834783,FORWARDED,1ab5fcf5-78de-4fdf-93eb-d4ea775f2436,c4,c2,674,?,p2,
1768488839.9903488,RECEIVED,d84e2d7a-0125-4786-ba35-d6eeca72cf95,c5,c3,900,i6,?,
1768488840.0860934,SENT,d84e2d7a-0125-4786-ba35-d6eeca72cf95,c5,c3,601,?,p3,
1768488840.0861335,FORWARDED,d84e2d7a-0125-4786-ba35-d6eeca72cf95,c5,c3,601,?,p3,
1768488840.1256983,SENT,89209d22-e911-4874-9faf-c918cd37331c,c1,c3,679,?,p3,
1768488840.1257436,FORWARDED,89209d22-e911-4874-9faf-c918cd37331c,c1,c3,679,?,p3,
1768488840.1344614,SENT,8364d115-2f6c-4956-b094-2f2b991e7d4e,c2,c4,673,?,p1,
1768488840.1345022,FORWARDED,8364d115-2f6c-4956-b094-2f2b991e7d4e,c2,c4,673,?,p1,
1768488840.2435658,SENT,a800122e-fcd2-41d3-bba2-45cd805813f7,c4,c3,608,?,p3,
1768488840.243613,FORWARDED,a800122e-fcd2-41d3-bba2-45cd805813f7,c4,c3,608,?,p3,
1768488840.280823,RECEIVED,af2ef940-1c82-4d9c-bd4b-224263aaca75,c2,c1,899,i9,?,
1768488840.3169289,SENT,af2ef940-1c82-4d9c-bd4b-224263aaca75,c2,c1,603,?,p1,
1768488840.316966,FORWARDED,af2ef940-1c82-4d9c-bd4b-224263aaca75,c2,c1,603,?,p1,
1768488840.4742005,RECEIVED,2d7c8672-3be9-4b8b-a76c-e60cd9146817,c5,c1,899,i5,?,
1768488840.4926987,RECEIVED,cbbebf37-b134-4cfd-8404-1969ecadc714,c4,c2,1004,i11,?,
1768488840.5708864,RECEIVED,eda41a9a-8fa2-470f-b2a5-79db401beaed,c3,c5,1004,i6,?,
1768488840.6892674,SENT,cbbebf37-b134-4cfd-8404-1969ecadc714,c4,c2,679,?,p2,
1768488840.6893003,FORWARDED,cbbebf37-b134-4cfd-8404-1969ecadc714,c4,c2,679,?,p2,
1768488840.698543,RECEIVED,eed46d4b-133e-4e09-9f2a-e0fc6594e608,c1,DROP,600,i5,?,
1768488840.7026489,RECEIVED,e52e3db9-8d4a-41b2-9bcf-c9c48bd9de52,c4,c3,1002,i11,?,
1768488840.7065337,SENT,eda41a9a-8fa2-470f-b2a5-79db401beaed,c3,c5,679,?,p2,
1768488840.7065716,FORWARDED,eda41a9a-8fa2-470f-b2a5-79db401beaed,c3,c5,679,?,p2,
1768488840.8103743,RECEIVED,999f5325-bdb6-4bc8-99a4-caceb90dfc43,c5,c3,903,i6,?,
1768488840.900154,SENT,e52e3db9-8d4a-41b2-9bcf-c9c48bd9de52,c4,c3,681,?,p3,
1768488840.9002004,FORWARDED,e52e3db9-8d4a-41b2-9bcf-c9c48bd9de52,c4,c3,681,?,p3,
1768488840.9659488,SENT,999f5325-bdb6-4bc8-99a4-caceb90dfc43,c5,c3,604,?,p3,
1768488840.9659894,FORWARDED,999f5325-bdb6-4bc8-99a4-caceb90dfc43,c5,c3,604,?,p3,
1768488840.9703403,RECEIVED,fe39ddb7-9757-46bd-bf06-31e2bc7c3079,c3,c4,993,i4,?,
1768488841.0071158,RECEIVED,84b3a3f6-03e9-4a89-aefd-01eae8d17cd2,c1,c5,992,i5,?,
1768488841.054695,RECEIVED,5f341808-064f-47ed-b025-78b75390a51c,c1,c3,907,i7,?,
1768488841.0594037,RECEIVED,4cf0cac1-e871-4612-83e6-0407b0102ace,c3,c5,996,i9,?,
1768488841.071219,SENT,fe39ddb7-9757-46bd-bf06-31e2bc7c3079,c3,c4,672,?,p1,
1768488841.0712569,FORWARDED,fe39ddb7-9757-46bd-bf06-31e2bc7c3079,c3,c4,672,?,p1,
1768488841.0900106,SENT,eed46d4b-133e-4e09-9f2a-e0fc6594e608,c1,DROP,377,?,e1,
1768488841.0900807,FORWARDED,eed46d4b-133e-4e09-9f2a-e0fc6594e608,c1,DROP,377,?,e1,
1768488841.103211,SENT,2d7c8672-3be9-4b8b-a76c-e60cd9146817,c5,c1,603,?,p1,
1768488841.1032465,FORWARDED,2d7c8672-3be9-4b8b-a76c-e60cd9146817,c5,c1,603,?,p1,
1768488841.120216,SENT,84b3a3f6-03e9-4a89-aefd-01eae8d17cd2,c1,c5,672,?,p2,
1768488841.120274,FORWARDED,84b3a3f6-03e9-4a89-aefd-01eae8d17cd2,c1,c5,672,?,p2,
1768488841.1572993,RECEIVED,0ebb4372-ea11-40ee-a69a-9bcc2a73832c,c5,c4,1003,i12,?,
1768488841.191902,SENT,5f341808-064f-47ed-b025-78b75390a51c,c1,c3,608,?,p3,
1768488841.1919408,FORWARDED,5f341808-064f-47ed-b025-78b75390a51c,c1,c3,608,?,p3,
1768488841.335547,RECEIVED,a364253c-b445-47ec-90e5-43873f6d2cb2,c1,c3,908,i7,?,
1768488841.4702497,RECEIVED,32b4720b-ec9b-4328-b38e-83939cf6e8ae,c3,c5,1003,i7,?,
1768488841.4772692,RECEIVED,c217cd0b-0d70-4839-aba6-bc5032bcd028,c5,c1,899,i5,?,
1768488841.482193,SENT,a364253c-b445-47ec-90e5-43873f6d2cb2,c1,c3,608,?,p3,
1768488841.4822304,FORWARDED,a364253c-b445-47ec-90e5-43873f6d2cb2,c1,c3,608,?,p3,
1768488841.545776,SENT,4cf0cac1-e871-4612-83e6-0407b0102ace,c3,c5,675,?,p2,
1768488841.5458183,FORWARDED,4cf0cac1-e871-4612-83e6-0407b0102ace,c3,c5,675,?,p2,
1768488841.577593,RECEIVED,b3fdd224-6213-4665-b4a2-38e5fba43963,c2,c3,907,i11,?,
1768488841.73678,SENT,c217cd0b-0d70-4839-aba6-bc5032bcd028,c5,c1,603,?,p1,
1768488841.736819,FORWARDED,c217cd0b-0d70-4839-aba6-bc5032bcd028,c5,c1,603,?,p1,
1768488841.8073199,RECEIVED,34c33fb7-2026-4ea7-bc46-2df4e8c29334,c3,c2,992,i6,?,
1768488841.9262953,RECEIVED,72b98460-86c7-4c03-95ed-b31adc9ef819,c1,DROP,599,i1,?,
1768488841.9821305,SENT,32b4720b-ec9b-4328-b38e-83939cf6e8ae,c3,c5,680,?,p2,
1768488841.9821713,FORWARDED,32b4720b-ec9b-4328-b38e-83939cf6e8ae,c3,c5,680,?,p2,
1768488842.0615323,SENT,72b98460-86c7-4c03-95ed-b31adc9ef819,c1,DROP,378,?,e6,
1768488842.0615728,FORWARDED,72b98460-86c7-4c03-95ed-b31adc9ef819,c1,DROP,378,?,e6,
1768488842.1367698,SENT,34c33fb7-2026-4ea7-bc46-2df4e8c29334,c3,c2,670,?,p2,
1768488842.1368084,FORWARDED,34c33fb7-2026-4ea7-bc46-2df4e8c29334,c3,c2,670,?,p2,
1768488842.2267094,RECEIVED,81c993f4-44d8-4097-bf7e-534c44a5e6e8,c5,c3,1003,i3,?,
1768488842.2828357,RECEIVED,fb8052cf-6966-4269-b6c5-4edecdf64fda,c3,c1,987,i3,?,
1768488842.3484762,RECEIVED,4257c550-a551-4438-bfbe-037092a52a25,c2,c3,994,i3,?,
1768488842.3809104,SENT,0ebb4372-ea11-40ee-a69a-9bcc2a73832c,c5,c4,679,?,p1,
1768488842.3809931,FORWARDED,0ebb4372-ea11-40ee-a69a-9bcc2a73832c,c5,c4,679,?,p1,
1768488842.5232263,SENT,81c993f4-44d8-4097-bf7e-534c44a5e6e8,c5,c3,680,?,p3,
1768488842.5232666,FORWARDED,81c993f4-44d8-4097-bf7e-534c44a5e6e8,c5,c3,680,?,p3,
1768488842.5271616,RECEIVED,7b121ac2-1bcb-4415-bd7a-f3f3ce4b7e5e,c3,c4,1004,i4,?,
1768488842.5447602,RECEIVED,c0d3202c-5403-41a6-ab8e-1b59fc10dade,c1,c5,999,i5,?,
1768488842.5467978,SENT,fb8052cf-6966-4269-b6c5-4edecdf64fda,c3,c1,669,?,p1,
1768488842.5468323,FORWARDED,fb8052cf-6966-4269-b6c5-4edecdf64fda,c3,c1,669,?,p1,
1768488842.563512,SENT,b3fdd224-6213-4665-b4a2-38e5fba43963,c2,c3,607,?,p3,
1768488842.5635507,FORWARDED,b3fdd224-6213-4665-b4a2-38e5fba43963,c2,c3,607,?,p3,
1768488842.6040764,RECEIVED,b1c37875-8206-43b8-9c2e-20bcc0a08f2c,c1,c5,999,i9,?,
1768488842.6243958,RECEIVED,37f0dc09-54d5-4305-8c52-b8ebb15f18a6,c3,DROP,604,i4,?,
1768488842.783456,SENT,7b121ac2-1bcb-4415-bd7a-f3f3ce4b7e5e,c3,c4,680,?,p1,
1768488842.7834942,FORWARDED,7b121ac2-1bcb-4415-bd7a-f3f3ce4b7e5e,c3,c4,680,?,p1,
1768488842.791362,SENT,37f0dc09-54d5-4305-8c52-b8ebb15f18a6,c3,DROP,379,?,e8,
1768488842.7914028,FORWARDED,37f0dc09-54d5-4305-8c52-b8ebb15f18a6,c3,DROP,379,?,e8,
1768488842.865796,RECEIVED,35c763cf-8553-497d-8910-e61b1a701d22,c4,c2,1003,i11,?,
1768488842.9748523,SENT,4257c550-a551-4438-bfbe-037092a52a25,c2,c3,675,?,p3,
1768488842.9748912,FORWARDED,4257c550-a551-4438-bfbe-037092a52a25,c2,c3,675,?,p3,
1768488842.9986727,SENT,c0d3202c-5403-41a6-ab8e-1b59fc10dade,c1,c5,676,?,p2,
1768488842.998709,FORWARDED,c0d3202c-5403-41a6-ab8e-1b59fc10dade,c1,c5,676,?,p2,
1768488843.5058427,RECEIVED,61fb3bf4-2ffb-4bb3-8838-6ae7c00bba53,c4,c3,994,i3,?,
1768488843.5641115,RECEIVED,cc51f524-8eeb-407a-9480-390a114f0a2d,c2,c3,995,i10,?,
1768488843.6084914,RECEIVED,45897658-e1f3-41fe-93f6-ef96d29b3198,c1,c3,996,i3,?,
1768488843.70678,RECEIVED,4b4e11ec-1799-4a95-aa9a-75f645c71636,c5,c3,1004,i9,?,
1768488843.7296956,SENT,b1c37875-8206-43b8-9c2e-20bcc0a08f2c,c1,c5,676,?,p2,
1768488843.729736,FORWARDED,b1c37875-8206-43b8-9c2e-20bcc0a08f2c,c1,c5,676,?,p2,
1768488843.7360218,SENT,35c763cf-8553-497d-8910-e61b1a701d22,c4,c2,679,?,p2,
1768488843.7360911,FORWARDED,35c763cf-8553-497d-8910-e61b1a701d22,c4,c2,679,?,p2,
1768488843.7749465,RECEIVED,77c74b79-7ae4-4f47-a659-7de74dc30e92,c2,c3,908,i11,?,
1768488843.83753,SENT,4b4e11ec-1799-4a95-aa9a-75f645c71636,c5,c3,680,?,p3,
1768488843.8375678,FORWARDED,4b4e11ec-1799-4a95-aa9a-75f645c71636,c5,c3,680,?,p3,
1768488843.8943603,SENT,45897658-e1f3-41fe-93f6-ef96d29b3198,c1,c3,675,?,p3,
1768488843.8943992,FORWARDED,45897658-e1f3-41fe-93f6-ef96d29b3198,c1,c3,675,?,p3,
1768488844.0859933,SENT,cc51f524-8eeb-407a-9480-390a114f0a2d,c2,c3,675,?,p3,
1768488844.0860317,FORWARDED,cc51f524-8eeb-407a-9480-390a114f0a2d,c2,c3,675,?,p3,
1768488844.095637,SENT,77c74b79-7ae4-4f47-a659-7de74dc30e92,c2,c3,607,?,p3,
1768488844.0956771,FORWARDED,77c74b79-7ae4-4f47-a659-7de74dc30e92,c2,c3,607,?,p3,
1768488844.1432583,RECEIVED,7027271f-beea-4d25-bd34-20de10da9883,c2,c1,995,i12,?,
1768488844.3739595,RECEIVED,a9a26e60-a21a-4385-911a-3a08a7535a55,c2,c1,996,i3,?,
1768488844.4240365,RECEIVED,c47b68c6-49b3-44ad-9050-01ec2f3881da,c5,c2,908,i7,?,
1768488844.498126,SENT,a9a26e60-a21a-4385-911a-3a08a7535a55,c2,c1,675,?,p1,
1768488844.498166,FORWARDED,a9a26e60-a21a-4385-911a-3a08a7535a55,c2,c1,675,?,p1,
1768488844.5487301,SENT,c47b68c6-49b3-44ad-9050-01ec2f3881da,c5,c2,608,?,p2,
1768488844.54877,FORWARDED,c47b68c6-49b3-44ad-9050-01ec2f3881da,c5,c2,608,?,p2,
1768488844.7233703,RECEIVED,9fd34cfe-400a-4b7d-964a-d2f15e6837ac,c5,c1,996,i3,?,
1768488844.7502594,SENT,9fd34cfe-400a-4b7d-964a-d2f15e6837ac,c5,c1,675,?,p1,
1768488844.7503002,FORWARDED,9fd34cfe-400a-4b7d-964a-d2f15e6837ac,c5,c1,675,?,p1,
1768488844.7762246,RECEIVED,4d8adebd-4b38-4cca-aa93-7565135b725d,c4,c3,991,i3,?,
1768488844.8779387,SENT,7027271f-beea-4d25-bd34-20de10da9883,c2,c1,675,?,p1,
1768488844.8779798,FORWARDED,7027271f-beea-4d25-bd34-20de10da9883,c2,c1,675,?,p1,
1768488844.886247,RECEIVED,1f2915b5-0b9c-4b54-a65a-b1f40ee87284,c2,c5,1000,i5,?,
1768488844.9460335,RECEIVED,11d43ac4-8a33-472b-8f28-e06f61fa2ee6,c2,c4,991,i5,?,
1768488845.0280454,RECEIVED,3007e98b-ea71-432f-ad6f-d7a9d2214fe1,c1,c2,995,i9,?,
1768488845.1909275,RECEIVED,ca0d8922-0960-417b-9594-cf5ff4a814e8,c4,c3,1003,i6,?,
1768488845.2002034,RECEIVED,ba93490a-dc5f-4fc0-b611-480e019e82c9,c4,c3,996,i3,?,
1768488845.2740307,SENT,1f2915b5-0b9c-4b54-a65a-b1f40ee87284,c2,c5,676,?,p2,
1768488845.2740738,FORWARDED,1f2915b5-0b9c-4b54-a65a-b1f40ee87284,c2,c5,676,?,p2,
1768488845.284406,RECEIVED,7ea23228-ed51-4ff5-b1e5-c57e507551e2,c5,c1,1003,i7,?,
1768488845.3782442,SENT,ba93490a-dc5f-4fc0-b611-480e019e82c9,c4,c3,675,?,p3,
1768488845.3782847,FORWARDED,ba93490a-dc5f-4fc0-b611-480e019e82c9,c4,c3,675,?,p3,
1768488845.6158228,SENT,3007e98b-ea71-432f-ad6f-d7a9d2214fe1,c1,c2,675,?,p2,
1768488845.6158578,FORWARDED,3007e98b-ea71-432f-ad6f-d7a9d2214fe1,c1,c2,675,?,p2,
1768488845.662405,RECEIVED,d11ae29a-fdb7-47cf-8591-3e8f6cec8908,c3,c1,1003,i9,?,
1768488845.7871716,SENT,ca0d8922-0960-417b-9594-cf5ff4a814e8,c4,c3,680,?,p3,
1768488845.7872143,FORWARDED,ca0d8922-0960-417b-9594-cf5ff4a814e8,c4,c3,680,?,p3,
1768488845.872695,SENT,4d8adebd-4b38-4cca-aa93-7565135b725d,c4,c3,672,?,p3,
1768488845.872738,FORWARDED,4d8adebd-4b38-4cca-aa93-7565135b725d,c4,c3,672,?,p3,
1768488845.8762574,SENT,d11ae29a-fdb7-47cf-8591-3e8f6cec8908,c3,c1,680,?,p1,
1768488845.8762972,FORWARDED,d11ae29a-fdb7-47cf-8591-3e8f6cec8908,c3,c1,680,?,p1,
1768488845.9048302,SENT,11d43ac4-8a33-472b-8f28-e06f61fa2ee6,c2,c4,671,?,p1,
1768488845.90487,FORWARDED,11d43ac4-8a33-472b-8f28-e06f61fa2ee6,c2,c4,671,?,p1,
1768488845.9436216,SENT,7ea23228-ed51-4ff5-b1e5-c57e507551e2,c5,c1,679,?,p1,
1768488845.943661,FORWARDED,7ea23228-ed51-4ff5-b1e5-c57e507551e2,c5,c1,679,?,p1,
1768488846.085089,SENT,61fb3bf4-2ffb-4bb3-8838-6ae7c00bba53,c4,c3,675,?,p3,
1768488846.085125,FORWARDED,61fb3bf4-2ffb-4bb3-8838-6ae7c00bba53,c4,c3,675,?,p3,
1768488846.1137311,RECEIVED,a3baa55d-7691-4980-ad6b-00e01a012713,c4,c5,992,i6,?,
1768488846.2794867,RECEIVED,054eb0f7-5cb9-4bab-a508-c32cdca1484d,c1,c2,1002,i5,?,
1768488846.3907013,SENT,a3baa55d-7691-4980-ad6b-00e01a012713,c4,c5,671,?,p2,
1768488846.3907435,FORWARDED,a3baa55d-7691-4980-ad6b-00e01a012713,c4,c5,671,?,p2,
1768488846.5564733,RECEIVED,988ba5a3-d31a-4ced-9cc3-453d277bc34b,c1,c3,999,i5,?,
1768488847.232454,SENT,988ba5a3-d31a-4ced-9cc3-453d277bc34b,c1,c3,676,?,p3,
1768488847.2324967,FORWARDED,988ba5a3-d31a-4ced-9cc3-453d277bc34b,c1,c3,676,?,p3,
1768488847.4683971,RECEIVED,754cd29e-dee5-4532-af2a-210a4e93c92b,c3,c2,996,i11,?,
1768488847.6182537,SENT,754cd29e-dee5-4532-af2a-210a4e93c92b,c3,c2,675,?,p2,
1768488847.6183414,FORWARDED,754cd29e-dee5-4532-af2a-210a4e93c92b,c3,c2,675,?,p2,
1768488847.729207,RECEIVED,e2dc71cf-d29a-40ee-8dfc-c85e0911ab10,c2,c3,996,i10,?,
1768488848.1081924,SENT,e2dc71cf-d29a-40ee-8dfc-c85e0911ab10,c2,c3,674,?,p3,
1768488848.1082368,FORWARDED,e2dc71cf-d29a-40ee-8dfc-c85e0911ab10,c2,c3,674,?,p3,
1768488848.4479983,SENT,054eb0f7-5cb9-4bab-a508-c32cdca1484d,c1,c2,681,?,p2,
1768488848.4482622,FORWARDED,054eb0f7-5cb9-4bab-a508-c32cdca1484d,c1,c2,681,?,p2,
