link,llr,obs_count,rate
p1->c4,37.17870699618119,7160,11.789962887038072
p2->c5,32.39063205075342,2119,3.489236223133195
c4->p1,25.724550439786206,8494,13.986584464036508
p1->e11,20.492997666030504,151,0.24864307205904315
x11->p1,15.123994771998941,1270,2.0912364338740717
p3->e9,14.776408492830882,517,0.8513143593014921
x2->p1,14.498222564754354,1162,1.9133990048517096
p3->e6,12.980034006976638,496,0.8167348592138106
p3->e11,10.990216387752492,55,0.09056535737249917
p3->e2,10.23713994727762,467,0.7689822162355838
p3->e12,10.090611658080753,503,0.8282613592430378
p1->c1,9.37130311163503,7233,11.9101678159143
i6->x2,8.50398106433282,220,0.3622614294899967
p3->e5,8.377678324185272,519,0.8546076450241284
p3->e4,7.802867341644675,474,0.780508716264811
x4->p1,7.600732032503481,1224,2.015490862253436
p3->e8,7.280217556809255,534,0.879307287943901
p3->e10,6.789950399359751,476,0.7838020019874473
p3->e3,6.771937998754005,510,0.839787859272265
p3->e1,6.504946758997406,504,0.829908002104356
p2->e11,6.501295198581404,43,0.07080564303668116
i3->x10,6.4667100405329165,204,0.335915143708906
x8->p2,6.1995006957860594,355,0.5845582157679492
e5->i8,6.193342051057104,225,0.3704946437965875
p3->e7,6.164258605227559,524,0.8628408593307193
i3->x12,6.140475702757022,209,0.3441483580154968
i10->x1,5.9227624844214395,30,0.049399285839545
x10->p2,5.76871470664969,350,0.5763250014613583
e11->i3,5.569123596784415,23,0.03787278581031783
e2->i10,5.450660096911451,22,0.036226142948999666
e10->i8,5.44308500218574,228,0.375434572380542
e3->i5,5.437484520234869,205,0.3375617865702242
e12->i3,5.298065012554591,232,0.38202114382581465
e8->i1,5.202477885926072,196,0.3227420008183607
e5->i10,5.156743952693732,26,0.04281271439427233
i9->x7,5.106275391649978,206,0.33920842943154234
i1->x9,5.060510865716334,188,0.3095688579278153
e6->i1,5.046219102948204,208,0.34250171515417865
i1->x8,5.03760481206656,212,0.34908828659945135
i10->x8,5.033198385590905,27,0.0444593572555905
x8->p1,5.005814028441376,1221,2.0105509336694816
e5->i12,4.798741106655251,211,0.34744164373813313
e4->i8,4.693781447192793,195,0.32109535795704247
e11->i9,4.656993147169092,23,0.03787278581031783
e4->i4,4.611958103351211,200,0.3293285722636333
p1->e10,4.606780580670524,1424,2.344819434517069
i5->x1,4.589363338782607,200,0.3293285722636333
i11->x10,4.542410626016411,187,0.30792221506649714
e11->i12,4.505244957488043,19,0.03128621436504517
e12->i11,4.47684712470622,213,0.3507349294607695
i5->x4,4.471645987123464,209,0.3441483580154968
e2->i9,4.43741960671556,206,0.33920842943154234
e8->i10,4.416278171481767,25,0.041166071532954165
e3->i7,4.398253628613351,211,0.34744164373813313
e11->i6,4.330119765842406,21,0.0345795000876815
x5->p1,4.326172919111315,1219,2.007257647946845
e11->i11,4.290140012429775,32,0.05269257156218133
x7->p1,4.2819195283233755,1211,1.9940845050562999
e2->i6,4.259208084402171,245,0.40342750102295083
e4->i1,4.201068093464345,207,0.3408550722928605
i10->x7,4.197718309397512,28,0.046106000116908664
i10->x5,4.187213404609402,25,0.041166071532954165
e6->i10,4.1821922077701545,21,0.0345795000876815
i4->x5,4.1676314258176905,176,0.28980914359199733
x4->p2,4.1124326403559515,349,0.5746783586000401
e10->i1,4.103844912534775,201,0.3309752151249515
x12->p1,4.0899001910010995,1205,1.9842046478883908
e10->i4,4.071996317121379,209,0.3441483580154968
i3->x7,4.0257851287604565,188,0.3095688579278153
i1->x11,4.020193188894579,162,0.266756143533543
i8->x7,4.011371295460673,228,0.375434572380542
e3->i10,3.941027422280885,18,0.029639571503727
x5->p3,3.927107404945409,380,0.6257242873009033
i12->x11,3.9209358614064564,199,0.32768192940231516
i8->x6,3.8737877153523437,196,0.3227420008183607
e11->i2,3.863382833324076,21,0.0345795000876815
x2->p3,3.8151296846076077,416,0.6850034303083573
i10->x10,3.788855536707909,23,0.03787278581031783
e9->i3,3.7562315161327646,220,0.3622614294899967
i8->x11,3.7175471774026603,208,0.34250171515417865
e4->i6,3.7151248836039334,192,0.316155429373088
i10->x4,3.7073839414930507,20,0.032932857226363334
i4->x4,3.698417017964169,199,0.32768192940231516
e12->i10,3.526623341006549,21,0.0345795000876815
e11->i8,3.5054932589976993,19,0.03128621436504517
i1->x4,3.4873475225225867,191,0.31450878651176983
i10->x3,3.4749032085125418,17,0.02799292864240883
i10->x6,3.473756556389006,12,0.019759714335818
e11->i5,3.456439882654456,13,0.021406357197136166
e10->i6,3.389829382313411,197,0.32438864367967885
e9->i12,3.375018745770231,221,0.36390807235131484
i11->x8,3.266746076527901,186,0.306275572205179
i7->x6,3.2656828936174893,218,0.3589681437673603
i8->x4,3.2336782123189165,188,0.3095688579278153
i8->x3,3.2253094006096505,187,0.30792221506649714
i2->x4,3.1882081607244155,188,0.3095688579278153
i11->x11,3.1617864051031424,202,0.33262185798626964
e6->i11,3.135437483893549,214,0.35238157232208767
p1->e4,3.0075480949232842,1365,2.2476675056992974
i1->x6,2.969131470095454,192,0.316155429373088
i6->x5,2.8959796062388996,204,0.335915143708906
e7->i10,2.8414503307584207,17,0.02799292864240883
i7->x4,2.7000821563821793,182,0.29968900075990634
e3->i9,2.6708328392746337,222,0.365554715212633
x6->p2,2.6707081282730636,346,0.5697384300160857
i8->x1,2.5988652830603582,213,0.3507349294607695
e3->i11,2.5845029057854507,224,0.3688480009352693
e9->i5,2.5534492445082364,210,0.345795000876815
i4->x2,2.5411257399282183,224,0.3688480009352693
i12->x4,2.536902443600889,196,0.3227420008183607
e11->i10,2.5362957383933047,19,0.03128621436504517
i11->x2,2.5130050623245674,183,0.3013356436212245
e12->i7,2.505159603739485,210,0.345795000876815
e4->i10,2.490299504563036,15,0.0246996429197725
e10->i5,2.487514697288038,204,0.335915143708906
x7->p3,2.4578965492635714,405,0.6668903588338575
i3->x8,2.4511910916038824,187,0.30792221506649714
i10->x9,2.4137549243613385,13,0.021406357197136166
i4->x12,2.321875845728811,213,0.3507349294607695
e2->i8,2.3043373692455473,198,0.326035286540997
e2->i1,2.2847134048848865,239,0.3935476438550418
e4->i2,2.2626825072174874,217,0.35732150090604214
i3->x5,2.2474790660496273,198,0.326035286540997
e7->i8,2.22942249398446,219,0.3606147866286785
e5->i4,2.147035764968206,196,0.3227420008183607
i10->x2,2.095428248077927,14,0.023053000058454332
i11->x5,2.081694460519823,188,0.3095688579278153
i10->x12,2.0576068490845767,19,0.03128621436504517
e4->i9,2.053673560909039,215,0.3540282151834058
e2->i12,2.0449904155846905,195,0.32109535795704247
e12->i9,1.950160391831691,220,0.3622614294899967
x7->p2,1.9467263975809024,381,0.6273709301622215
e11->i4,1.9374194254795984,27,0.0444593572555905
i9->x5,1.935962307120369,202,0.33262185798626964
i1->x10,1.9252428788932647,198,0.326035286540997
i3->x11,1.9198271801395057,196,0.3227420008183607
i4->x7,1.9119515685753372,213,0.3507349294607695
e10->i3,1.8899814186670243,187,0.30792221506649714
e9->i10,1.8469729934569754,22,0.036226142948999666
x9->x10,1.8320066022133705,8,0.013173142890545332
e4->i11,1.8058548908443894,203,0.3342685008475878
x5->p2,1.7649385282502887,377,0.6207843587169488
i2->x5,1.760436069371508,224,0.3688480009352693
i2->x9,1.7582500391403553,169,0.27828264356277016
i2->x2,1.707876292897347,175,0.28816250073067917
e1->i10,1.6676765314060802,17,0.02799292864240883
e6->i8,1.654257451621885,220,0.3622614294899967
e5->i7,1.6437020217811975,207,0.3408550722928605
e3->i8,1.6382378673868097,222,0.365554715212633
e10->i10,1.605404143400757,26,0.04281271439427233
i1->x7,1.5874107616863498,189,0.3112155007891335
e12->i2,1.584712869625382,218,0.3589681437673603
x5->i9,1.5478053206334668,7,0.011526500029227166
i6->x10,1.5351101235038378,181,0.2980423578985882
e11->i1,1.4753340087461897,15,0.0246996429197725
e2->i4,1.458165848197397,198,0.326035286540997
i8->x12,1.4539930275532118,206,0.33920842943154234
x1->p2,1.4514530080997812,371,0.6109045015490399
x12->p2,1.4476212532808193,355,0.5845582157679492
i9->x12,1.40864184789978,181,0.2980423578985882
i5->x2,1.3996104949839854,187,0.30792221506649714
i7->x7,1.3835005176956425,203,0.3342685008475878
x4->p3,1.3199988230769,394,0.6487772873593577
e3->i2,1.2970577141274164,167,0.27498935784013384
i7->x9,1.2648019949868692,215,0.3540282151834058
i12->x5,1.2506766310508644,184,0.30298228648254266
i1->x2,1.2315090861608606,188,0.3095688579278153
i8->x5,1.2143949403620207,196,0.3227420008183607
x9->p2,1.2017971236154343,375,0.6174910729943125
x11->e2,1.200061792340989,8,0.013173142890545332
e9->i7,1.1837266895080019,228,0.375434572380542
x6->x4,1.175398896203367,6,0.009879857167909
e9->i4,1.1434461809633678,221,0.36390807235131484
x5->x12,1.0677492932591557,7,0.011526500029227166
x10->x11,1.060061773885617,8,0.013173142890545332
e11->i7,1.0533939756325337,16,0.026346285781090665
e8->i6,1.0275146098727888,228,0.375434572380542
x2->i12,1.0250684155334584,8,0.013173142890545332
x3->e2,0.9784479671044854,7,0.011526500029227166
i7->x2,0.9781194709675862,191,0.31450878651176983
x6->e8,0.974048507551939,7,0.011526500029227166
x2->p2,0.951079887049529,371,0.6109045015490399
e3->i4,0.9387439515970382,200,0.3293285722636333
x6->p1,0.8790028792045836,1209,1.9907912193336634
i7->x10,0.8777808903640709,200,0.3293285722636333
i4->x9,0.8759142142316554,180,0.29639571503726997
x5->i3,0.8703126057121322,8,0.013173142890545332
x7->x4,0.8629343832659195,6,0.009879857167909
x7->i6,0.8614667639881155,6,0.009879857167909
x3->e8,0.8495281239859507,12,0.019759714335818
i3->x2,0.844174741883644,194,0.3194487150957243
e6->i9,0.8239727309910272,195,0.32109535795704247
x6->e4,0.8175854569380911,6,0.009879857167909
x10->e2,0.8083876129654195,9,0.0148197857518635
e9->i8,0.7794837426499255,180,0.29639571503726997
x12->x3,0.7756405399154449,16,0.026346285781090665
i9->x11,0.769329738602818,212,0.34908828659945135
x7->e10,0.766811727052362,5,0.008233214306590833
x4->e4,0.7637382061861899,4,0.006586571445272666
e10->i11,0.7542442616074805,193,0.31780207223440615
i5->x11,0.7456651171611162,190,0.3128621436504517
e5->i5,0.7347177844309867,217,0.35732150090604214
x7->x2,0.732502636322244,6,0.009879857167909
x8->e6,0.7310255183975434,7,0.011526500029227166
x5->x4,0.7188170790015453,7,0.011526500029227166
x10->x6,0.711523674898003,6,0.009879857167909
x10->x7,0.6966255129526253,7,0.011526500029227166
e5->i3,0.6728464627574056,198,0.326035286540997
i8->x10,0.6726108355612759,182,0.29968900075990634
e6->i4,0.669095264161486,179,0.2947490721759518
x11->i12,0.6677037109777801,9,0.0148197857518635
x8->i5,0.6512185041979395,9,0.0148197857518635
x7->e1,0.6477765009185976,9,0.0148197857518635
e2->i3,0.6398160207617591,210,0.345795000876815
x11->e10,0.635981114148394,7,0.011526500029227166
x8->e8,0.6153854159878245,4,0.006586571445272666
i11->x7,0.6153487593093594,169,0.27828264356277016
e7->i7,0.6144641967240467,201,0.3309752151249515
x10->x12,0.5999240966203745,8,0.013173142890545332
x5->e12,0.5990040439761639,3,0.0049399285839545
x6->x3,0.5983532347142448,6,0.009879857167909
x4->i12,0.5837185465503127,9,0.0148197857518635
x12->x1,0.5829732710233921,5,0.008233214306590833
x5->i1,0.5729596604922493,6,0.009879857167909
e4->i7,0.5701949618652487,200,0.3293285722636333
x2->x6,0.555281400573798,9,0.0148197857518635
x9->e12,0.552315401399726,4,0.006586571445272666
x1->i1,0.5523130774861587,5,0.008233214306590833
x12->i8,0.5460927604483148,7,0.011526500029227166
x1->p3,0.5419748622026388,386,0.6356041444688123
x4->x9,0.5414771234395133,5,0.008233214306590833
x3->e6,0.5315990606282339,6,0.009879857167909
x1->x11,0.5269414587154904,7,0.011526500029227166
x10->e4,0.5218573415777996,3,0.0049399285839545
x4->x6,0.5212612760433508,4,0.006586571445272666
x6->x2,0.5191984750897136,10,0.016466428613181667
x4->e9,0.518243884135031,8,0.013173142890545332
x10->x9,0.5170781664310518,9,0.0148197857518635
x8->i7,0.5060224237736408,6,0.009879857167909
x6->e12,0.4867101760243102,5,0.008233214306590833
x7->i8,0.48392970927485557,2,0.003293285722636333
x4->i2,0.48336775247798336,5,0.008233214306590833
x2->i1,0.4807219341377209,6,0.009879857167909
x5->x9,0.4746046156138659,5,0.008233214306590833
x7->i3,0.46939283907510454,6,0.009879857167909
x3->x4,0.4631553975156528,5,0.008233214306590833
x12->e9,0.4576244151466229,6,0.009879857167909
x12->i11,0.4484967514626632,6,0.009879857167909
x4->i8,0.4463029091037374,7,0.011526500029227166
x11->e6,0.44559128261435443,3,0.0049399285839545
x12->i3,0.44417197434466615,11,0.018113071474499833
x4->x8,0.4334633970600841,4,0.006586571445272666
x8->i2,0.42624271713908524,4,0.006586571445272666
x12->i6,0.4184788966138635,3,0.0049399285839545
x4->e12,0.4081222388115915,5,0.008233214306590833
x5->e8,0.40611008545667193,7,0.011526500029227166
x1->e7,0.4023741964593279,7,0.011526500029227166
x11->i10,0.40179790438862284,2,0.003293285722636333
i4->x6,0.39050310092085994,186,0.306275572205179
i8->x8,0.38676803954047756,191,0.31450878651176983
x6->e9,0.38639607566295986,5,0.008233214306590833
x10->x3,0.38509626356546534,14,0.023053000058454332
x9->i10,0.38424321423999164,1,0.0016466428613181666
x8->x2,0.38274344862802767,9,0.0148197857518635
x3->i7,0.3821824270894014,4,0.006586571445272666
i6->x6,0.37864137179309854,177,0.2914557864533155
x8->e12,0.3779579399511439,10,0.016466428613181667
i6->x1,0.3769347721513103,205,0.3375617865702242
x7->i5,0.370153488444247,4,0.006586571445272666
x10->i11,0.36948660028446056,4,0.006586571445272666
x3->x6,0.3689559435538756,6,0.009879857167909
x10->x1,0.36196902830555544,5,0.008233214306590833
x6->e1,0.3616455057461172,7,0.011526500029227166
i9->x8,0.35489410006888633,205,0.3375617865702242
x1->x6,0.35469902664248654,3,0.0049399285839545
x5->e9,0.3541035514262205,5,0.008233214306590833
x9->x7,0.35257744074238584,7,0.011526500029227166
e1->i8,0.3520876840294136,236,0.38860771527108734
x6->i4,0.3506560289077223,5,0.008233214306590833
x2->e5,0.34499162184211585,5,0.008233214306590833
x7->e3,0.3440937203366028,3,0.0049399285839545
x9->x2,0.3433046743774577,6,0.009879857167909
x12->x10,0.33739174133165495,6,0.009879857167909
x5->x7,0.33200699346617224,3,0.0049399285839545
x3->i10,0.32867783394594685,1,0.0016466428613181666
x1->i7,0.32855267965067814,11,0.018113071474499833
x9->x6,0.32553377194562305,3,0.0049399285839545
x11->i2,0.3229488640328899,5,0.008233214306590833
x10->e10,0.3210338455990156,6,0.009879857167909
x2->e7,0.3112857738678594,5,0.008233214306590833
x9->e2,0.3092861253827186,12,0.019759714335818
x10->e3,0.30860043061367026,4,0.006586571445272666
x5->x10,0.30698394659324,3,0.0049399285839545
x12->e11,0.3063625233603018,1,0.0016466428613181666
x12->x7,0.3063195579588207,2,0.003293285722636333
x6->e3,0.30530825650211835,6,0.009879857167909
x10->e12,0.304530711566783,6,0.009879857167909
x2->e1,0.3043908905855153,3,0.0049399285839545
x12->x4,0.3043128238198749,4,0.006586571445272666
x10->i1,0.30374135936583624,7,0.011526500029227166
e12->i5,0.303491089245866,205,0.3375617865702242
x5->i10,0.3014862387449657,2,0.003293285722636333
x2->x11,0.29941553391646103,7,0.011526500029227166
x10->e6,0.2984681452261251,4,0.006586571445272666
x7->x3,0.2927574072475796,7,0.011526500029227166
x6->x12,0.29097998861046204,3,0.0049399285839545
x10->e5,0.28934192775748535,6,0.009879857167909
x9->e9,0.2845693156177376,8,0.013173142890545332
x8->x5,0.2714537207799532,2,0.003293285722636333
x10->x4,0.270434975988997,4,0.006586571445272666
i3->x6,0.26304186119441564,204,0.335915143708906
x10->i4,0.2582907936371699,1,0.0016466428613181666
x3->i5,0.2548323293664616,8,0.013173142890545332
x5->e2,0.2515979506383452,4,0.006586571445272666
x7->i11,0.24779604739255134,5,0.008233214306590833
i6->x9,0.24611663081479307,174,0.286515857869361
x12->x11,0.23922391833098988,5,0.008233214306590833
x5->i6,0.237918476140476,2,0.003293285722636333
x3->e7,0.23384387167552667,4,0.006586571445272666
x6->i7,0.23376500804729883,3,0.0049399285839545
x4->x2,0.23264636078109824,3,0.0049399285839545
x11->x5,0.23199481246548093,4,0.006586571445272666
i11->x9,0.23055844530783443,187,0.30792221506649714
x2->i7,0.228493568899097,11,0.018113071474499833
x11->x8,0.22715417023496087,6,0.009879857167909
x5->x3,0.21926298899607843,4,0.006586571445272666
x7->x10,0.21594414196174494,6,0.009879857167909
x11->i5,0.21312231954609206,8,0.013173142890545332
x11->e8,0.21222106641419192,6,0.009879857167909
x6->e2,0.20945814917904482,4,0.006586571445272666
x5->x8,0.20521576277438314,6,0.009879857167909
x12->i12,0.20506615120700644,4,0.006586571445272666
x9->x8,0.2013491053624712,3,0.0049399285839545
x8->i10,0.19690839515387104,1,0.0016466428613181666
x8->e1,0.1963318465419519,4,0.006586571445272666
x2->i10,0.19613963342387208,1,0.0016466428613181666
x12->p3,0.19554620312461513,421,0.6932366446149482
x11->x1,0.19390548177690903,7,0.011526500029227166
x12->e2,0.1926912246996917,3,0.0049399285839545
x2->e4,0.1916381610254705,2,0.003293285722636333
x5->e7,0.18999273895869084,6,0.009879857167909
x10->i12,0.18840326074835012,7,0.011526500029227166
x11->i7,0.1808807598639861,6,0.009879857167909
x2->i2,0.17962896106318116,10,0.016466428613181667
e9->i11,0.1768886435217336,200,0.3293285722636333
x8->i8,0.17570529273674396,2,0.003293285722636333
x12->x8,0.17258542847220326,7,0.011526500029227166
e8->i5,0.17078451096830793,203,0.3342685008475878
x11->x2,0.16300192038673078,5,0.008233214306590833
x5->i5,0.16273897045157604,4,0.006586571445272666
x7->x5,0.16209581979975773,4,0.006586571445272666
x7->x8,0.15823164897916264,5,0.008233214306590833
x5->i4,0.1493916260096153,5,0.008233214306590833
x6->e10,0.14913581364239636,5,0.008233214306590833
i10->x11,0.14778173688429508,20,0.032932857226363334
x1->e4,0.14416565689739347,6,0.009879857167909
i6->x7,0.1416077259120394,189,0.3112155007891335
x11->x10,0.1349150938157937,3,0.0049399285839545
x7->i9,0.1332997358988326,7,0.011526500029227166
x11->e9,0.13236180426266753,8,0.013173142890545332
x8->x11,0.1310408432413368,2,0.003293285722636333
x8->i3,0.13067976535667025,6,0.009879857167909
x6->x5,0.12780683202592424,8,0.013173142890545332
x4->e1,0.12731667708486594,6,0.009879857167909
x5->i12,0.12459087747642617,8,0.013173142890545332
x8->e2,0.1205279162124322,4,0.006586571445272666
x1->i3,0.11963057729651094,4,0.006586571445272666
x8->x6,0.11946431155078052,7,0.011526500029227166
x11->x12,0.11432137642342433,5,0.008233214306590833
e2->i2,0.11273991696231711,213,0.3507349294607695
x6->x10,0.11112294515366639,3,0.0049399285839545
x2->i9,0.1109266531556461,6,0.009879857167909
x8->i4,0.10869662528767687,4,0.006586571445272666
x9->i3,0.10698358632972127,2,0.003293285722636333
x3->x5,0.10393036124143595,2,0.003293285722636333
i2->x11,0.09686573912159524,196,0.3227420008183607
x9->i4,0.09398387401669428,5,0.008233214306590833
x3->i6,0.0877876081354021,5,0.008233214306590833
x1->e12,0.0876107182562258,11,0.018113071474499833
x3->i8,0.08754625937871996,3,0.0049399285839545
x10->e7,0.08153525999139877,7,0.011526500029227166
i6->x12,0.08013228084348345,190,0.3128621436504517
x11->i8,0.0753885385308628,3,0.0049399285839545
x9->i7,0.07001926929268532,3,0.0049399285839545
x8->i6,0.06300479919318036,4,0.006586571445272666
x9->e6,0.05847266343079571,7,0.011526500029227166
x3->e11,0.057633999793405444,1,0.0016466428613181666
x11->i6,0.05735094284206532,6,0.009879857167909
x11->e4,0.05453075406902741,8,0.013173142890545332
x9->i8,0.0533565748282081,2,0.003293285722636333
x4->i5,0.050655806229973344,1,0.0016466428613181666
x1->e1,0.048370535284160354,3,0.0049399285839545
x7->i7,0.040797666133150834,1,0.0016466428613181666
x8->e4,0.0384107122316637,9,0.0148197857518635
x2->e8,0.03835916731081568,5,0.008233214306590833
x8->e11,0.03535914566971865,1,0.0016466428613181666
x2->e11,0.03450787717576098,1,0.0016466428613181666
x7->e9,0.03269187437893617,6,0.009879857167909
x5->e11,0.031092667929361717,1,0.0016466428613181666
x3->x9,0.02953985727685282,4,0.006586571445272666
x7->i4,0.02922741988701727,3,0.0049399285839545
x3->i3,0.02916699000425904,6,0.009879857167909
x9->i5,0.028055220632473343,4,0.006586571445272666
x6->i5,0.022915012268603263,3,0.0049399285839545
x11->i3,0.021691514162475833,3,0.0049399285839545
x12->e1,0.02082107136400957,1,0.0016466428613181666
x12->e8,0.019359284146895916,8,0.013173142890545332
x11->x7,0.013680551228302917,3,0.0049399285839545
x7->e12,0.011534964325807806,7,0.011526500029227166
x11->i4,0.004133717486327626,4,0.006586571445272666
x2->i3,0.0033095703328829273,5,0.008233214306590833
x1->e3,0.0015454402918075871,3,0.0049399285839545
x9->e8,0.0011808278400922134,7,0.011526500029227166
e12->i1,0.0005261454425440348,201,0.3309752151249515
x8->x1,-0.00036294337553943734,5,0.008233214306590833
x6->e6,-0.0010103710635371854,5,0.008233214306590833
x10->x2,-0.0018566453270203453,7,0.011526500029227166
x1->x4,-0.0027226375024387295,14,0.023053000058454332
x8->x9,-0.0028457833635577856,6,0.009879857167909
x9->e5,-0.007691251606127381,8,0.013173142890545332
x5->i2,-0.016610203810197177,2,0.003293285722636333
x12->e5,-0.017226825387195888,6,0.009879857167909
x6->i1,-0.017613698014899093,4,0.006586571445272666
e8->i12,-0.024911424111217606,198,0.326035286540997
x3->x11,-0.030730455046314553,6,0.009879857167909
x12->e3,-0.034537639134743614,3,0.0049399285839545
x11->e12,-0.037453276014582926,4,0.006586571445272666
x12->e12,-0.0381226652328257,1,0.0016466428613181666
x7->x6,-0.03933514935337801,8,0.013173142890545332
x8->x12,-0.04363748902496134,5,0.008233214306590833
x12->i5,-0.04733452477042022,3,0.0049399285839545
x1->i6,-0.05024757788288614,2,0.003293285722636333
x7->x11,-0.050532174113704365,5,0.008233214306590833
x10->i2,-0.054882001455262674,7,0.011526500029227166
x3->e4,-0.057693515647760485,2,0.003293285722636333
x11->i11,-0.05794599323421412,4,0.006586571445272666
e6->i5,-0.05840460875436726,209,0.3441483580154968
x4->e3,-0.06427743999462976,3,0.0049399285839545
x6->i3,-0.06553819135732741,6,0.009879857167909
i12->x1,-0.07041297836260352,199,0.32768192940231516
x6->x1,-0.0705463643594273,2,0.003293285722636333
x2->e2,-0.07219250303101798,6,0.009879857167909
x8->x3,-0.07220429325223776,7,0.011526500029227166
x1->x3,-0.07233395756851646,8,0.013173142890545332
x2->i5,-0.07881644012749955,8,0.013173142890545332
i12->x3,-0.08345348379548412,201,0.3309752151249515
x5->x6,-0.08769375066947749,7,0.011526500029227166
x4->i7,-0.09196272122738058,1,0.0016466428613181666
x9->e11,-0.1048279698341501,1,0.0016466428613181666
x3->i1,-0.10515494052069041,4,0.006586571445272666
x9->x1,-0.10643364490360963,3,0.0049399285839545
x4->x12,-0.10860730730255685,5,0.008233214306590833
x3->x7,-0.10910747639214424,7,0.011526500029227166
x6->e5,-0.11040732238458428,4,0.006586571445272666
x5->e1,-0.11261951802145553,3,0.0049399285839545
i4->x10,-0.11448530898840037,176,0.28980914359199733
x5->i11,-0.11557689368742352,7,0.011526500029227166
x9->x12,-0.11564135458048419,4,0.006586571445272666
x7->x9,-0.12269456209260543,1,0.0016466428613181666
x6->x8,-0.12445699009919764,7,0.011526500029227166
x2->x7,-0.12575935178956765,3,0.0049399285839545
x4->x5,-0.12876282560267782,2,0.003293285722636333
x3->x12,-0.13145616240532654,5,0.008233214306590833
x4->i9,-0.13418454973366245,2,0.003293285722636333
x6->i11,-0.13887318431884488,7,0.011526500029227166
x4->x10,-0.13987544307156075,8,0.013173142890545332
x5->i8,-0.14291917075621807,7,0.011526500029227166
x3->e5,-0.14559732301283201,7,0.011526500029227166
x11->e11,-0.1456064974461304,1,0.0016466428613181666
x9->i9,-0.14651825605073654,8,0.013173142890545332
x7->e8,-0.14819128062884612,3,0.0049399285839545
x5->e4,-0.15187089185837888,2,0.003293285722636333
x9->i12,-0.15691257778243184,4,0.006586571445272666
x10->x8,-0.15793363802785532,2,0.003293285722636333
x9->e4,-0.1601333694193361,7,0.011526500029227166
x12->x2,-0.16229539305647567,6,0.009879857167909
x2->e12,-0.1625636974511684,8,0.013173142890545332
x11->x4,-0.16890717855387027,2,0.003293285722636333
x10->i8,-0.1698937231521933,8,0.013173142890545332
x8->e10,-0.180061521537505,6,0.009879857167909
x6->i12,-0.18089948770831477,4,0.006586571445272666
x6->x9,-0.18149250063726097,8,0.013173142890545332
i1->x5,-0.18326107845901607,176,0.28980914359199733
x1->i11,-0.18358526902979833,8,0.013173142890545332
x7->i12,-0.18578459328328378,7,0.011526500029227166
x8->i11,-0.18983087215534677,10,0.016466428613181667
x3->i11,-0.1910176081053585,3,0.0049399285839545
x11->i9,-0.19314302721514576,6,0.009879857167909
x3->e10,-0.1957763011206115,8,0.013173142890545332
i3->x3,-0.19878195868355775,196,0.3227420008183607
x6->i2,-0.199199273877678,6,0.009879857167909
x11->e1,-0.20265275250861503,3,0.0049399285839545
x1->i9,-0.20478597299249746,6,0.009879857167909
x2->i11,-0.2109863375599339,4,0.006586571445272666
x1->x7,-0.2114918139478119,9,0.0148197857518635
x5->e6,-0.2152711810980703,7,0.011526500029227166
x6->i9,-0.22144721357577524,4,0.006586571445272666
x2->x4,-0.22261564746358697,8,0.013173142890545332
x12->i2,-0.22485570492823115,4,0.006586571445272666
x10->e9,-0.22582957617463872,7,0.011526500029227166
x4->i11,-0.2279161091990458,5,0.008233214306590833
x3->e9,-0.229391262188817,4,0.006586571445272666
x12->i9,-0.2354433231425297,9,0.0148197857518635
x9->i1,-0.23689805787964247,6,0.009879857167909
x7->x1,-0.24039911719917484,3,0.0049399285839545
x10->i6,-0.24174767806713593,7,0.011526500029227166
x4->x3,-0.24184786881754938,6,0.009879857167909
x3->e12,-0.24500643331816896,7,0.011526500029227166
x2->e6,-0.2452128136410785,6,0.009879857167909
e9->i1,-0.2505401717596687,211,0.34744164373813313
x4->e10,-0.2516752317834978,8,0.013173142890545332
x1->e5,-0.2524538848801319,6,0.009879857167909
x12->x9,-0.2558362850878817,3,0.0049399285839545
x2->i4,-0.2565360638627032,8,0.013173142890545332
x7->i1,-0.25706670608144133,4,0.006586571445272666
x8->i12,-0.2575758387011824,5,0.008233214306590833
x7->e5,-0.2592149283053118,2,0.003293285722636333
x11->i1,-0.2638585205566262,5,0.008233214306590833
x12->x5,-0.26583680292133494,3,0.0049399285839545
x8->e9,-0.2662464018230546,7,0.011526500029227166
x1->e9,-0.27264674634043473,7,0.011526500029227166
x5->x1,-0.27304584675087273,3,0.0049399285839545
x1->e10,-0.2761630734994389,6,0.009879857167909
x7->x12,-0.27984240581182807,13,0.021406357197136166
x8->e5,-0.2805951186660076,8,0.013173142890545332
x1->x5,-0.2885528551324441,6,0.009879857167909
x4->e6,-0.296708246258822,3,0.0049399285839545
x6->x11,-0.2986016200863011,5,0.008233214306590833
x1->i4,-0.3000302409255262,6,0.009879857167909
x6->i8,-0.30278352011698395,5,0.008233214306590833
x3->i12,-0.31065907649709246,4,0.006586571445272666
x12->e10,-0.31368120130226274,10,0.016466428613181667
x1->e2,-0.3197481194041085,3,0.0049399285839545
x8->i1,-0.32039643206857704,3,0.0049399285839545
x9->x3,-0.331572918238523,6,0.009879857167909
x7->e2,-0.33273191359472953,1,0.0016466428613181666
e5->i1,-0.33305322412145877,211,0.34744164373813313
x7->e7,-0.33316086372565756,6,0.009879857167909
x10->x5,-0.3354945158670093,5,0.008233214306590833
x3->x10,-0.33953313568157206,3,0.0049399285839545
x5->e5,-0.3456335673180373,9,0.0148197857518635
x4->i6,-0.3526401966355879,4,0.006586571445272666
x11->e5,-0.3564504108616733,2,0.003293285722636333
x2->i8,-0.3578299687366515,4,0.006586571445272666
x1->x2,-0.35928093294012964,7,0.011526500029227166
x10->i3,-0.36086019558253923,3,0.0049399285839545
x4->i3,-0.36205020580166103,6,0.009879857167909
e8->i4,-0.36273662531994155,192,0.316155429373088
x1->e6,-0.3708344581937917,5,0.008233214306590833
x7->e4,-0.3746494912245133,2,0.003293285722636333
x10->i5,-0.3752340338649196,4,0.006586571445272666
x9->e7,-0.3754356564200432,6,0.009879857167909
x2->e10,-0.37994714999465273,6,0.009879857167909
x3->x1,-0.3821385781110793,6,0.009879857167909
e1->i3,-0.3880275329863734,216,0.355674858044724
x3->x2,-0.38897400596378695,7,0.011526500029227166
x3->e1,-0.39553215256542895,4,0.006586571445272666
x9->i11,-0.3961088951575622,4,0.006586571445272666
x1->x12,-0.41386064570675885,8,0.013173142890545332
e9->i9,-0.41739635834086286,203,0.3342685008475878
x12->e6,-0.42510471110520065,10,0.016466428613181667
x2->x10,-0.42612116630652785,9,0.0148197857518635
x4->e8,-0.4341692259014023,4,0.006586571445272666
x9->e10,-0.43823177674138947,4,0.006586571445272666
i9->x9,-0.44071951322855796,202,0.33262185798626964
x1->i8,-0.4481708511446785,6,0.009879857167909
x6->e7,-0.44881796438315913,6,0.009879857167909
x8->x10,-0.45004022633217655,4,0.006586571445272666
x1->x8,-0.45075338362845585,5,0.008233214306590833
x9->e3,-0.45400289543146144,5,0.008233214306590833
x7->e6,-0.4542083486363957,4,0.006586571445272666
e8->i11,-0.4569932123386078,176,0.28980914359199733
x7->i2,-0.45758907827317863,5,0.008233214306590833
x9->i2,-0.45804111502400247,7,0.011526500029227166
x11->x3,-0.4587865052010356,4,0.006586571445272666
x4->x1,-0.4593770309266745,4,0.006586571445272666
x2->x3,-0.46205057924602766,4,0.006586571445272666
x5->e3,-0.4682843291872869,5,0.008233214306590833
x9->e1,-0.46951788790236115,5,0.008233214306590833
x9->x4,-0.4730003313978317,4,0.006586571445272666
x5->i7,-0.47552444615006184,3,0.0049399285839545
x4->e5,-0.489547715175604,10,0.016466428613181667
e3->i6,-0.49614357957891286,206,0.33920842943154234
x3->i2,-0.5019474933798902,11,0.018113071474499833
x3->x8,-0.5104395344123018,5,0.008233214306590833
x6->x7,-0.5110739311277754,7,0.011526500029227166
x9->x11,-0.5122150829445458,8,0.013173142890545332
x2->e3,-0.5204516850225147,8,0.013173142890545332
x3->e3,-0.5241647948874482,5,0.008233214306590833
x12->i7,-0.5317741993635936,3,0.0049399285839545
x5->x11,-0.5322816871536693,10,0.016466428613181667
i7->x3,-0.5454098659660485,188,0.3095688579278153
x8->x4,-0.5474912656989686,5,0.008233214306590833
x2->x5,-0.5607665286444705,4,0.006586571445272666
x1->e8,-0.5664297329358083,7,0.011526500029227166
i9->x4,-0.566888243789049,201,0.3309752151249515
x4->x11,-0.5694302317197133,3,0.0049399285839545
x1->i5,-0.5715982550742247,3,0.0049399285839545
i5->x6,-0.5818003643969156,166,0.2733427149788157
e1->i9,-0.586749160799334,230,0.3787278581031783
x12->e7,-0.5987232896822281,11,0.018113071474499833
x8->x7,-0.6006402012586438,11,0.018113071474499833
x8->e7,-0.6049982517379506,7,0.011526500029227166
x10->i7,-0.6051448303448188,8,0.013173142890545332
x8->e3,-0.6194144089464624,5,0.008233214306590833
i4->x8,-0.6254558856683339,191,0.31450878651176983
x4->x7,-0.6319958651313691,10,0.016466428613181667
x4->e2,-0.6485522071286187,10,0.016466428613181667
x6->i6,-0.6557356014585158,5,0.008233214306590833
x9->i6,-0.6642238815567554,5,0.008233214306590833
x11->e3,-0.6660721455434144,3,0.0049399285839545
e9->i2,-0.6673080737225359,196,0.3227420008183607
x11->x6,-0.6935381582195923,6,0.009879857167909
x1->i2,-0.7104990606245698,7,0.011526500029227166
x5->x2,-0.7234578647085588,5,0.008233214306590833
x1->x9,-0.7334058069613141,4,0.006586571445272666
x2->x9,-0.7393354749422203,8,0.013173142890545332
i12->x2,-0.7445315109830588,184,0.30298228648254266
e5->i6,-0.7533600812024099,219,0.3606147866286785
x11->x9,-0.7587270873459016,12,0.019759714335818
x2->e9,-0.7627645557158589,7,0.011526500029227166
e8->i3,-0.7753316664048775,200,0.3293285722636333
x10->e8,-0.7880716783137514,7,0.011526500029227166
x2->i6,-0.7988451253184543,8,0.013173142890545332
x10->i9,-0.8037979702753262,4,0.006586571445272666
i5->x8,-0.8488831133245727,184,0.30298228648254266
x11->e7,-0.8602176596230144,5,0.008233214306590833
e1->i6,-0.8747831175682679,210,0.345795000876815
i8->x2,-0.9020213775502137,207,0.3408550722928605
x1->i12,-0.910269731141991,7,0.011526500029227166
e8->i2,-0.9145907272049607,199,0.32768192940231516
x1->x10,-0.9247564176978056,3,0.0049399285839545
e8->i8,-0.9461058744220017,224,0.3688480009352693
e3->i3,-0.9488436804850862,209,0.3441483580154968
i4->x3,-0.9498430044238582,169,0.27828264356277016
i1->x1,-0.9546153712566685,184,0.30298228648254266
x4->e7,-1.00379352421775,5,0.008233214306590833
x12->e4,-1.0114851121264081,6,0.009879857167909
e5->i9,-1.0266787898262661,207,0.3408550722928605
i4->x1,-1.0287417027776726,166,0.2733427149788157
x9->x5,-1.0402028066480966,8,0.013173142890545332
i5->x9,-1.0725224244596534,214,0.35238157232208767
x3->i9,-1.0817087351590038,7,0.011526500029227166
x2->x12,-1.0869603623457458,9,0.0148197857518635
e8->i7,-1.1041161776516022,228,0.375434572380542
e6->i7,-1.1455093263829115,225,0.3704946437965875
i7->x1,-1.1858139930021032,200,0.3293285722636333
i2->x3,-1.2632278227331373,177,0.2914557864533155
i12->x10,-1.286262322010855,180,0.29639571503726997
x12->i1,-1.286625829023551,5,0.008233214306590833
x5->e10,-1.2910207204035204,10,0.016466428613181667
x4->i1,-1.3028820184678107,8,0.013173142890545332
e8->i9,-1.3146339660446085,216,0.355674858044724
x12->x6,-1.3320928165030752,10,0.016466428613181667
e7->i11,-1.3372504569208168,198,0.326035286540997
e7->i1,-1.3399141902948308,196,0.3227420008183607
i11->x3,-1.3703177490028686,181,0.2980423578985882
x3->p2,-1.371795395897272,351,0.5779716443226764
x2->x8,-1.38381276156914,7,0.011526500029227166
x12->i4,-1.4031899458090464,9,0.0148197857518635
x2->x1,-1.422141799411877,8,0.013173142890545332
i5->x3,-1.4791262497932545,187,0.30792221506649714
p1->e2,-1.479217751834172,1464,2.410685148969796
e4->i5,-1.5039472878696483,196,0.3227420008183607
e2->i5,-1.5111967753197524,218,0.3589681437673603
e6->i2,-1.5189806410196525,194,0.3194487150957243
i9->x1,-1.5217868286966825,196,0.3227420008183607
x4->i4,-1.5441678545313318,7,0.011526500029227166
i6->x3,-1.625973484770543,198,0.326035286540997
i2->x8,-1.6453503237844487,204,0.335915143708906
e3->i12,-1.6747763235157667,228,0.375434572380542
x3->i4,-1.681139171256179,6,0.009879857167909
i11->x12,-1.6857454983296867,210,0.345795000876815
x11->p2,-1.7439943232186659,348,0.573031715738722
e7->i4,-1.8308711855362567,218,0.3589681437673603
e10->i2,-1.837249457240314,215,0.3540282151834058
i6->x11,-1.8592915413063,213,0.3507349294607695
e7->i5,-1.8850858437844877,196,0.3227420008183607
e6->i12,-1.9176814339187533,234,0.38531442954845097
i9->x3,-1.9223288095279587,188,0.3095688579278153
e10->i7,-2.0186654624440417,234,0.38531442954845097
i3->x1,-2.036293521430909,205,0.3375617865702242
i9->x6,-2.049324420002522,181,0.2980423578985882
e1->i4,-2.104041004221256,247,0.40672078674558715
i12->x7,-2.1614628507606826,190,0.3128621436504517
p1->e3,-2.178006542880583,1403,2.310239934429388
e1->i1,-2.202982273297466,209,0.3441483580154968
i5->x5,-2.20321868142391,204,0.335915143708906
e12->i6,-2.258440527146325,218,0.3589681437673603
x3->p3,-2.3319085680617304,346,0.5697384300160857
x10->p3,-2.436483870753362,392,0.6454840016367214
i12->x12,-2.495182677806617,180,0.29639571503726997
i5->x7,-2.523846736907771,178,0.29310242931463365
i7->x11,-2.5253712750093467,181,0.2980423578985882
e7->i2,-2.5275316755427655,208,0.34250171515417865
e3->i1,-2.578316643843598,190,0.3128621436504517
e1->i2,-2.604344313639314,215,0.3540282151834058
e4->i12,-2.6087974529604905,178,0.29310242931463365
e2->i7,-2.624301103212515,199,0.32768192940231516
i6->x8,-2.6372451769730434,198,0.326035286540997
i5->x10,-2.6441891834026796,194,0.3194487150957243
x9->p3,-2.648913009179327,382,0.6290175730235397
i12->x6,-2.6595072954015775,201,0.3309752151249515
i3->x9,-2.673523360850628,178,0.29310242931463365
i12->x8,-2.73513736620113,189,0.3112155007891335
i8->x9,-2.739574910222263,182,0.29968900075990634
p2->e3,-2.79539156856712,580,0.9550528595645367
x11->p3,-2.81140334254908,368,0.6059645729650853
i4->x11,-2.835653227348767,190,0.3128621436504517
e7->i6,-2.8833839097556693,216,0.355674858044724
e4->i3,-2.972776780716857,202,0.33262185798626964
i2->x10,-2.9925614199717545,200,0.3293285722636333
i2->x7,-3.0252178682681805,195,0.32109535795704247
x9->p1,-3.1239330799305147,1163,1.9150456477130278
i7->x5,-3.178036447631266,193,0.31780207223440615
e10->i12,-3.185759208066184,206,0.33920842943154234
i11->x6,-3.23850163954096,201,0.3309752151249515
e6->i3,-3.288748719704497,235,0.3869610724097692
i1->x12,-3.29717984872857,210,0.345795000876815
e1->i5,-3.314550650222942,221,0.36390807235131484
e6->i6,-3.3601700193062385,214,0.35238157232208767
i6->x4,-3.44724671624389,201,0.3309752151249515
p3->c3,-3.6233730239826336,4683,7.711228519552974
i2->x1,-3.8470943844351133,149,0.24534978633640683
e7->i3,-3.853973438590593,214,0.35238157232208767
i2->x6,-3.9813951346643925,183,0.3013356436212245
c1->p1,-4.059590403658811,8537,14.05739010707319
e9->i6,-4.065896340656276,184,0.30298228648254266
i3->x4,-4.079807813368827,187,0.30792221506649714
p2->e12,-4.284463629204977,632,1.0406782883530814
e1->i7,-4.289736944594907,207,0.3408550722928605
i5->x12,-4.293079021719975,184,0.30298228648254266
i7->x12,-4.4825846131114195,176,0.28980914359199733
x6->p3,-4.801631130844354,373,0.6141977872716762
i12->x9,-4.925488635230249,213,0.3507349294607695
i7->x8,-5.131834956844714,219,0.3606147866286785
p2->e4,-5.421902793859853,584,0.9616394310098093
i2->x12,-5.57625778211343,212,0.34908828659945135
i11->x4,-5.630174711311346,191,0.31450878651176983
e12->i4,-5.691517814993902,196,0.3227420008183607
e12->i12,-5.77387582153274,209,0.3441483580154968
e7->i9,-5.800853076969174,220,0.3622614294899967
i1->x3,-5.921469377333649,194,0.3194487150957243
i9->x10,-5.923500146928933,193,0.31780207223440615
p2->e8,-5.975646677648025,556,0.9155334308929006
e5->i11,-6.198785024955059,212,0.34908828659945135
e5->i2,-6.31570749650326,209,0.3441483580154968
e2->i11,-6.364128384890257,190,0.3128621436504517
i9->x2,-6.495528752466521,208,0.34250171515417865
e12->i8,-6.783471990654869,218,0.3589681437673603
e7->i12,-6.801865553177167,204,0.335915143708906
e10->i9,-6.888866478611756,218,0.3589681437673603
p2->e2,-7.869026461527601,586,0.9649327167324456
e1->i11,-8.40162635429753,206,0.33920842943154234
x8->p3,-8.443748005222105,420,0.69159000175363
p1->e5,-8.736257520482095,1401,2.3069466487067514
p1->e8,-8.915074584155494,1368,2.252607434283252
x3->p1,-9.611656653602976,1189,1.9578583621073
p2->e9,-10.448413756906207,578,0.9517595738419004
p1->e9,-10.91860775897389,1417,2.333292934487842
e1->i12,-10.993027424223623,213,0.3507349294607695
x1->p1,-11.069379615712688,1151,1.8952859333772099
i11->x1,-13.4817479721092,176,0.28980914359199733
p2->e7,-14.58352931678689,581,0.9566995024258548
p2->e6,-15.05342326576441,588,0.968226002455082
x10->p1,-15.549129305794256,1170,1.926572147742255
p2->e5,-15.999430657285275,601,0.9896323596522182
p1->e1,-17.857068216004752,1476,2.430444863305614
p1->e6,-26.284577006396905,1445,2.3793989346047506
p2->e10,-26.3254876017048,587,0.9665793595937638
p1->e7,-26.690338051701133,1394,2.295420148677524
p2->c2,-29.138747700536662,2209,3.63743408065183
p1->e12,-34.35503802606206,1454,2.3942187203566143
p2->e1,-34.758655542527265,624,1.027505145462536
c3->p3,-40.82138903750977,6047,9.957249382390954
c5->p2,-63.18914155249842,3473,5.718790657357992
c2->p2,-119.28673355488911,3582,5.898274729241673
